receipt_no,filing_time
20210628000277,16:22
20210629000339,15:44
20210630800539,16:02
20210701000338,16:55
20210702000205,14:14
20210702000465,16:08
20210702000591,16:55
20210705000164,15:42
20210705000170,15:58
20210706000049,10:26
20210707000207,14:39
20210708000169,14:10
20210708800171,14:12
20210712000343,17:09
20210714000099,11:52
20210714000375,16:21
20210716000272,15:33
20210716000392,17:04
20210719000121,14:54
20210719000230,16:53
20210719000244,17:02
20210719000256,17:05
20210721000078,11:33
20210722000021,10:13
20210723000174,14:44
20210726000041,10:14
20210726000351,07:30
20210730000364,16:04
20210730000385,16:07
20210730000442,16:24
20210730000521,17:21
20210730000533,17:22
20210802000029,10:01
20210804000054,11:34
20210804000251,16:30
20210804000321,17:12
20210805000037,11:26
20210805000064,13:48
20210805000166,16:09
20210806000053,10:45
20210806000095,13:31
20210806000226,15:36
20210806000364,16:58
20210810000084,12:08
20210810000277,16:37
20210810000289,16:48
20210810000292,16:44
20210811000059,12:30
20210811000160,15:20
20210811000381,17:20
20210812000142,14:12
20210812000209,15:06
20210812000364,16:23
20210812000492,17:52
20210813000515,14:47
20210813001030,16:29
20210817001603,16:44
20210818000012,09:10
20210818000132,14:24
20210818000176,15:47
20210819000234,16:10
20210820000201,14:54
20210820000237,15:14
20210820000254,15:42
20210824000358,17:30
20210825000382,17:14
20210826000093,10:52
20210826000109,11:23
20210826000138,12:31
20210826000214,14:50
20210827000103,11:12
20210827000423,15:25
20210830000892,16:26
20210830000949,16:41
20210830000955,16:45
20210831001509,15:58
20210831800318,15:41
20210831800376,16:04
20210902000296,16:26
20210903000011,09:11
20210903000047,10:55
20210903000065,11:22
20210903000268,15:52
20210903000291,16:02
20210903000302,16:25
20210903000364,16:42
20210906000153,14:37
20210906000265,16:28
20210906000303,16:53
20210906000328,17:04
20210907000014,09:38
20210907000077,13:53
20210907000147,15:49
20210908000243,15:07
20210908000305,15:51
20210908000417,16:40
20210908000463,17:21
20210909000150,14:50
20210909000169,15:20
20210910000127,13:33
20210910000436,16:51
20210913000067,11:42
20210913000140,15:15
20210913000208,16:12
20210913000283,17:38
20210913800140,11:44
20210915000009,09:26
20210915000078,11:38
20210915000129,14:06
20210915000169,15:09
20210915000259,16:01
20210916000249,15:53
20210916000286,16:12
20210916000399,17:44
20210917000136,11:56
20210917000257,14:46
20210923000058,10:10
20210923000151,14:02
20210923000240,16:00
20210923000251,16:14
20210923800279,16:06
20210924000329,16:33
20210924000348,16:46
20210924000419,07:30
20210927000040,10:39
20210927000220,16:08
20210927000293,16:51
20210927000298,16:51
20210928000156,14:05
20210928000234,15:35
20210928000256,15:47
20210928000393,17:01
20210929000189,13:34
20210929000512,17:01
20210930000192,13:44
20210930000209,14:16
20210930000225,14:17
20211001000177,14:33
20211001000188,14:34
20211001000212,14:58
20211001000338,16:33
20211001000422,17:09
20211001000453,16:57
20211001000495,17:49
20211001900542,17:13
20211005000020,09:53
20211005000044,10:56
20211005000189,15:47
20211005000219,16:04
20211006000037,09:41
20211006000134,11:41
20211006000190,13:48
20211006000197,13:46
20211006000257,14:49
20211007000106,12:16
20211007000157,13:56
20211007000224,14:41
20211007000365,15:53
20211007000436,16:49
20211012000005,08:32
20211012000086,11:32
20211012000142,13:49
20211012000193,14:46
20211013000038,10:16
20211013000064,11:16
20211013000137,14:08
20211013000168,14:42
20211013000261,15:53
20211013000309,16:19
20211013000357,16:36
20211013000443,17:43
20211014000352,16:52
20211015000056,11:20
20211015000195,15:08
20211015000405,17:10
20211018000070,11:41
20211018000081,12:19
20211018000091,13:28
20211019000019,10:05
20211019000133,15:15
20211019000309,17:41
20211020000020,10:33
20211020000052,12:24
20211020000199,15:43
20211020000244,16:11
20211020000274,16:28
20211021000113,14:09
20211021000223,16:39
20211021000234,16:52
20211021000318,17:38
20211022000228,15:52
20211022000426,17:43
20211022000444,17:59
20211025000044,10:11
20211025000160,15:07
20211025000193,15:30
20211025000226,16:08
20211025000248,16:24
20211025000300,17:11
20211025000301,17:02
20211025000305,17:11
20211026000095,14:46
20211026000202,16:02
20211027000244,16:11
20211027000308,10:21
20211027800447,16:22
20211028000087,10:57
20211028000311,15:31
20211029000071,10:41
20211029000152,13:21
20211029000156,13:28
20211029000158,13:41
20211029000207,14:34
20211029000231,14:50
20211029000472,17:00
20211029800726,17:04
20211101000142,14:59
20211101000158,15:25
20211101000173,15:51
20211101000240,16:51
20211102000133,15:00
20211102000289,17:03
20211103000163,12:09
20211103000329,16:45
20211104000028,10:54
20211104000178,15:59
20211104000218,16:28
20211108000078,12:17
20211108000098,13:42
20211108000099,13:42
20211108000229,16:29
20211108000292,17:18
20211109000116,14:17
20211109000168,16:01
20211110000195,13:52
20211110000300,16:03
20211110000356,16:20
20211111000138,14:19
20211111000175,14:58
20211111000208,15:35
20211111000232,15:53
20211112000356,14:03
20211112000368,14:01
20211112000539,15:53
20211112000599,15:51
20211112000843,16:29
20211112800749,15:52
20211112800947,16:29
20211115001534,16:32
20211115002106,17:00
20211115002209,17:39
20211117000071,11:13
20211118000023,11:12
20211118000036,13:37
20211118000072,14:34
20211118000118,15:38
20211118000133,15:58
20211118000168,16:55
20211119000192,13:43
20211119000499,17:05
20211122000312,17:48
20211123000081,13:21
20211123000102,14:20
20211123000105,14:20
20211123000113,14:29
20211123000134,14:42
20211123000170,15:32
20211123000321,17:09
20211124000080,11:31
20211124000089,12:50
20211124000241,15:44
20211124000276,16:02
20211124000482,18:01
20211124800603,18:02
20211125000102,11:33
20211125000331,16:01
20211125000357,16:17
20211125800381,15:38
20211126000621,16:28
20211129000682,16:07
20211130001474,15:32
20211201000044,10:48
20211201000183,14:26
20211203000151,13:43
20211203000483,17:13
20211206000101,11:59
20211206000301,16:38
20211207000040,10:31
20211207000092,11:25
20211207000252,15:30
20211207000292,16:09
20211208000151,14:28
20211208000418,17:16
20211209000113,13:32
20211209000214,15:11
20211209000279,15:56
20211209000373,16:53
20211210000254,14:20
20211210000301,14:58
20211210000467,16:07
20211210000707,17:53
20211213000097,13:20
20211213000104,13:25
20211213000150,14:17
20211213000173,14:49
20211214000008,09:27
20211214000338,16:11
20211215000128,13:38
20211215000182,14:50
20211215000287,15:43
20211215000312,16:13
20211215000347,16:41
20211216000084,11:23
20211220000301,16:50
20211221000270,15:53
20211222000457,16:56
20211223000146,12:13
20211223000391,15:43
20211224000544,18:34
20211227000038,10:23
20211227000212,15:04
20211227000421,17:39
20211228000449,16:01
20211228000464,16:17
20211228000522,16:33
20211228800591,16:24
20211230000276,15:09
20211230000332,15:17
20211231000110,11:03
20211231000181,13:06
20211231000288,14:50
20220103000270,16:23
20220105000467,16:47
20220106000041,10:49
20220106000226,15:06
20220107000139,13:42
20220107000452,16:24
20220110000155,13:23
20220110000326,15:44
20220110000465,16:43
20220112000224,15:10
20220112000281,15:41
20220112000340,16:21
20220113000266,16:28
20220114000131,11:28
20220117000049,11:44
20220117000076,14:06
20220117000091,14:26
20220118000216,16:02
20220119000086,13:18
20220119000288,16:31
20220119000312,16:57
20220119000343,16:58
20220120000145,14:02
20220120000275,16:05
20220120000278,16:07
20220121000153,11:48
20220121000287,15:13
20220121000352,15:58
20220121000394,16:09
20220125000152,11:35
20220125000216,13:32
20220125000382,15:39
20220125000419,16:14
20220125000472,16:28
20220125000536,17:00
20220125000634,18:20
20220125800525,16:22
20220126000197,14:00
20220126000309,15:33
20220127000084,12:07
20220127000113,13:53
20220127000161,14:55
20220127000179,14:50
20220127000196,15:11
20220127000239,15:50
20220128000056,09:48
20220128000146,11:32
20220128000212,13:36
20220128000553,15:58
20220128000650,16:50
20220203000063,11:03
20220204000085,11:20
20220204000136,12:31
20220204000158,13:27
20220204000437,16:13
20220207000346,16:47
20220207000420,17:38
20220207000446,17:54
20220207000449,18:04
20220207901234,17:43
20220208000222,14:41
20220208000231,14:48
20220208000375,16:48
20220208000527,17:56
20220208000545,17:56
20220209000522,17:24
20220209000553,17:43
20220209000571,17:38
20220210000005,09:17
20220210000018,09:38
20220210000321,15:23
20220210000413,16:12
20220210000489,16:24
20220210000567,17:10
20220210800634,15:26
20220210800977,16:25
20220211000506,15:38
20220211000541,15:48
20220215001075,18:04
20220216000119,10:25
20220216000299,11:53
20220216000483,14:12
20220216000609,14:55
20220217000084,10:06
20220217000622,14:28
20220217000755,15:17
20220217000899,15:53
20220218000322,10:46
20220218000605,13:15
20220218001565,16:32
20220218001612,16:47
20220221000073,09:15
20220221000982,13:15
20220221001236,13:55
20220221001667,15:14
20220221001904,15:45
20220221001925,15:45
20220221001983,15:55
20220221800671,15:48
20220222000473,10:47
20220222000850,11:51
20220222001416,14:20
20220222002974,07:30
20220223000664,11:21
20220224001512,13:29
20220224001882,14:04
20220224002442,14:59
20220224002691,15:08
20220224003011,16:05
20220224003310,16:11
20220224004048,17:23
20220224004231,17:35
20220225006620,17:51
20220228004797,15:21
20220228005117,15:46
20220303000265,13:58
20220303000569,16:39
20220307000179,13:56
20220307000213,14:30
20220307000416,16:45
20220308000273,13:56
20220308000325,14:22
20220308000677,16:52
20220308000701,16:57
20220308000786,17:11
20220311000330,13:49
20220311000423,14:33
20220311000484,15:00
20220311000519,15:11
20220311000670,15:56
20220311000759,16:01
20220311000901,16:33
20220311000915,16:48
20220311001035,17:27
20220314000572,15:39
20220314000655,16:14
20220314000658,16:03
20220314000712,16:11
20220314000758,16:24
20220315001230,17:57
20220315001290,18:59
20220316000716,16:05
20220316001099,17:07
20220317801255,16:55
20220317801407,17:20
20220318000438,14:53
20220318000684,16:06
20220318000784,16:50
20220321000928,16:48
20220322000763,16:41
20220322000835,17:03
20220322001023,17:42
20220323000775,16:02
20220323000797,16:07
20220323001038,16:59
20220324000044,10:09
20220324000285,14:15
20220324000370,14:58
20220324000488,16:01
20220324000638,16:29
20220324000842,17:38
20220325001285,17:44
20220328001065,17:46
20220329000637,15:18
20220329000684,15:35
20220329000865,16:03
20220329001311,18:05
20220330001489,17:03
20220330001824,18:10
20220331003046,16:40
20220401002173,15:34
20220401002187,15:24
20220401002395,16:02
20220401900660,16:07
20220404002283,15:47
20220404002496,16:22
20220405001655,15:15
20220411002876,16:37
20220413002293,16:49
20220414001166,14:35
20220414001179,14:39
20220414001182,14:35
20220414002045,17:20
20220415000171,11:04
20220415000296,13:50
20220415000592,16:26
20220419000329,16:49
20220420000369,15:35
20220420000398,15:43
20220420000449,16:21
20220420000550,16:41
20220420000566,16:48
20220420000619,17:32
20220420900720,17:48
20220421000314,16:15
20220421000421,16:55
20220422000387,14:30
20220422000489,15:34
20220422000793,17:50
20220506000056,10:18
20220506000459,16:28
20220509000341,14:15
20220509000367,14:08
20220509000511,15:34
20220509000513,15:44
20220509000541,15:55
20220509000583,16:21
20220509000603,16:16
20220509000709,16:59
20220510000170,11:11
20220510000242,12:17
20220510000299,13:52
20220510000516,15:23
20220510000893,17:48
20220510000927,18:38
20220511000625,15:57
20220511000641,15:59
20220511000733,16:57
20220511000747,16:56
20220511000763,17:01
20220512000444,14:42
20220512000473,14:51
20220512000854,17:14
20220513000548,13:41
20220513000669,14:21
20220517000012,09:29
20220517000077,11:25
20220517000110,13:13
20220517000218,15:25
20220517800269,15:32
20220518000005,09:15
20220518000055,10:55
20220518000099,13:39
20220518000107,14:12
20220518000145,15:47
20220518000164,15:44
20220518000177,16:22
20220518000244,16:57
20220519000186,14:58
20220519000215,16:00
20220519000256,16:16
20220520000183,13:29
20220520000186,13:48
20220525000251,15:02
20220525800279,15:08
20220526000097,11:59
20220526000232,15:51
20220526000295,16:15
20220526000296,16:22
20220526000371,17:11
20220526800249,15:55
20220526900321,16:47
20220527000198,11:55
20220527000472,16:17
20220530000223,12:58
20220530000598,15:55
20220530000609,16:05
20220531002362,16:26
20220531002893,17:21
20220602000265,14:37
20220602000316,15:58
20220602000346,15:43
20220602000375,16:05
20220602000483,16:56
20220607000164,16:06
20220607000222,16:25
20220607000264,17:14
20220609000206,11:29
20220609000257,13:33
20220609000382,15:32
20220609000468,16:08
20220609800153,13:53
20220610000007,08:48
20220610000101,11:14
20220610000416,16:07
20220613000260,16:36
20220613000266,16:27
20220615000021,10:08
20220615000022,10:21
20220615000026,10:26
20220615000141,14:37
20220615000169,15:02
20220615000208,15:28
20220615000229,15:52
20220615000234,15:40
20220615000258,15:59
20220615000341,16:53
20220616000284,16:43
20220617000020,09:57
20220617000175,14:21
20220617000196,14:31
20220617000203,14:52
20220617000315,16:00
20220617000357,16:35
20220620000021,09:34
20220620000035,10:22
20220620000087,13:12
20220620000098,13:56
20220620000136,14:59
20220620000139,14:53
20220620000160,15:26
20220620000169,15:42
20220620000195,15:51
20220620000291,17:22
20220621000056,11:03
20220621000121,13:22
20220621000146,13:33
20220621000247,14:44
20220621000281,15:16
20220621000410,16:43
20220622000564,17:48
20220623000403,16:35
20220623000437,17:21
20220623800558,17:48
20220624000043,09:45
20220624000059,09:57
20220624000060,09:55
20220624000068,10:23
20220624000094,10:43
20220624000244,14:15
20220624000269,14:51
20220624000271,14:52
20220627000109,12:11
20220627000143,13:34
20220627000289,16:15
20220627000314,16:33
20220629000028,09:18
20220629000104,11:09
20220629000119,11:20
20220629000457,16:13
20220629800722,17:04
20220630000161,10:57
20220630000311,13:29
20220630000410,14:34
20220630000648,15:53
20220630000670,15:58
20220630000744,16:27
20220701000149,13:41
20220701000198,14:33
20220701000297,15:47
20220701000375,16:40
20220701000380,16:40
20220704000051,11:02
20220704000063,11:26
20220704000067,11:28
20220704000097,13:24
20220704000131,14:27
20220704000153,15:15
20220704000220,16:16
20220705000017,09:38
20220705000091,13:19
20220705000099,13:41
20220706000396,17:17
20220706000416,17:28
20220706900456,17:28
20220707000199,14:32
20220707000326,15:57
20220708000054,09:49
20220708000082,10:11
20220708000271,14:48
20220708000427,16:01
20220711000055,10:33
20220711000399,16:31
20220712000163,10:34
20220712000424,15:51
20220712800304,15:38
20220713000236,16:06
20220714000367,16:45
20220715000181,13:12
20220715000200,13:40
20220715000357,16:09
20220715000459,17:08
20220718000191,15:26
20220718000196,15:24
20220718000242,16:12
20220719000091,13:27
20220719000261,16:29
20220720000012,09:02
20220720000039,10:39
20220720000095,13:52
20220720000187,15:24
20220721000463,17:15
20220722000168,14:26
20220722000179,14:30
20220722000254,15:12
20220722000350,15:45
20220722000378,16:14
20220725000047,10:48
20220725000051,11:04
20220725000146,14:47
20220725000310,17:14
20220725000319,17:23
20220725000330,17:44
20220725000332,17:44
20220726000332,17:10
20220727000120,14:11
20220727000172,15:12
20220727000247,16:17
20220727800264,15:18
20220729000112,11:57
20220729000162,13:53
20220729000164,13:54
20220801000095,14:37
20220801000156,16:08
20220802000135,14:35
20220802000328,17:27
20220803000116,13:45
20220804000019,10:26
20220804000094,14:10
20220804000159,15:52
20220804000310,18:03
20220804900104,10:29
20220805000040,09:52
20220805000058,10:26
20220805000111,13:17
20220805000133,13:45
20220805000138,13:56
20220805000158,14:20
20220805000235,15:15
20220805800310,15:22
20220805900260,14:30
20220808000160,16:23
20220808000190,16:43
20220808000202,17:02
20220808000218,17:09
20220809000112,13:36
20220809000246,16:20
20220809000271,16:50
20220810000159,14:03
20220810000161,14:03
20220811000310,15:56
20220811000340,16:15
20220811900519,16:18
20220812000585,14:56
20220812000720,15:32
20220812000808,15:37
20220816001688,16:29
20220816001822,16:36
20220816001981,17:04
20220817000088,14:05
20220817000089,14:04
20220817000108,14:27
20220817000142,15:27
20220817000234,17:39
20220818000080,13:30
20220818000355,16:58
20220819000001,07:47
20220819000002,07:47
20220819000003,07:47
20220819000137,13:33
20220819000148,13:58
20220819000213,15:02
20220819000337,16:06
20220819000364,16:29
20220819000374,16:33
20220819000428,17:10
20220819800006,07:50
20220819800007,07:50
20220819800008,07:50
20220822000146,11:23
20220822000166,12:11
20220822000210,13:23
20220822000233,13:56
20220822000354,16:01
20220822000377,16:07
20220824000152,13:56
20220824000182,14:21
20220824000306,15:55
20220824000328,16:06
20220824000425,17:34
20220826000284,13:58
20220826000430,15:01
20220826000439,15:05
20220826000766,18:45
20220829000193,13:45
20220829000238,14:11
20220829000433,16:27
20220829000535,16:52
20220830000756,14:26
20220830001411,17:04
20220830800467,17:09
20220831001577,17:12
20220901000269,16:19
20220901000350,17:26
20220902000326,16:32
20220902000403,16:53
20220906000067,11:36
20220906000077,13:35
20220908000122,10:52
20220908000192,11:06
20220908000335,14:10
20220908000417,15:09
20220908000549,16:05
20220913000066,11:41
20220913000111,14:03
20220914000048,10:11
20220914000064,10:40
20220914000067,10:39
20220914000223,15:36
20220914000229,15:36
20220915000087,11:15
20220915000113,11:31
20220915000357,16:14
20220915000372,16:47
20220916000109,11:20
20220916000126,11:52
20220916000145,13:29
20220916000195,14:36
20220916000278,15:34
20220916000324,15:52
20220916000348,16:19
20220916000393,16:36
20220916000467,17:07
20220916000471,17:25
20220916000488,17:31
20220916800467,16:39
20220919000008,09:20
20220919000036,10:24
20220919000132,14:57
20220919000134,15:04
20220919000199,16:20
20220919000235,16:38
20220919000243,16:32
20220919000254,16:42
20220920000046,10:39
20220920000058,10:55
20220920000135,13:47
20220920000142,13:58
20220920000173,14:49
20220920000288,16:25
20220921000419,17:47
20220921000430,07:30
20220922000095,13:29
20220922000141,14:55
20220922000270,16:33
20220922000311,16:55
20220922800335,16:44
20220923000029,09:14
20220923000132,11:27
20220923000227,14:38
20220923000334,15:54
20220923000425,16:43
20220923000437,16:48
20220923800091,09:18
20220926000067,11:25
20220926000120,14:12
20220926000162,15:21
20220926000214,16:43
20220926000292,17:08
20220927000092,12:02
20220927000142,13:44
20220927000174,14:06
20220927000180,14:11
20220927000183,14:12
20220927000231,14:59
20220927000373,16:30
20220927000426,17:15
20220927000436,17:22
20220927000485,17:52
20220927000507,18:10
20220927900631,17:56
20220929000144,11:28
20220929000208,13:41
20220929000228,14:03
20220929000298,14:47
20220929000346,15:17
20220929000370,15:31
20220929000392,15:39
20220929000580,17:06
20220929000590,17:12
20220929000596,17:27
20220929900643,17:13
20220930000094,10:22
20220930000138,10:57
20220930000240,13:46
20220930000263,14:12
20220930000357,14:57
20220930000470,15:57
20221004000171,14:35
20221004000196,15:15
20221004000259,16:03
20221005000057,10:47
20221005000108,11:55
20221005000114,13:16
20221005000151,13:58
20221005000224,15:47
20221005000255,15:57
20221006000078,10:54
20221006000165,13:21
20221006000170,13:32
20221006000187,13:49
20221006000201,13:53
20221006000204,14:20
20221006000603,17:46
20221007000412,16:08
20221007000482,16:32
20221007000566,17:01
20221007000631,17:41
20221011000146,13:34
20221011000352,15:54
20221011000414,16:12
20221011000456,17:07
20221011000458,16:38
20221011000546,17:43
20221011000548,17:49
20221011900724,17:45
20221011900728,17:53
20221012000159,14:35
20221012000162,14:43
20221012000193,15:00
20221012000221,15:25
20221013000114,12:02
20221013000156,13:53
20221013000179,14:26
20221013000336,15:43
20221013800194,14:27
20221013800307,15:53
20221014000078,11:02
20221014000171,14:11
20221014000213,14:34
20221014000451,16:58
20221014800144,11:06
20221017000092,13:26
20221017000117,14:12
20221017000120,14:22
20221017000125,15:03
20221017000129,15:03
20221017000138,14:47
20221017000237,16:46
20221019000031,10:15
20221019000056,10:43
20221019000071,11:16
20221019000332,16:21
20221019000451,07:30
20221020000018,09:14
20221020000066,10:55
20221020000179,14:52
20221020000261,16:12
20221021000082,11:16
20221021000089,11:40
20221021000096,12:48
20221021000163,14:58
20221021000171,15:06
20221021000199,15:31
20221021000211,15:36
20221021000272,16:17
20221021000333,16:29
20221024000286,17:11
20221025000272,15:01
20221026000201,14:06
20221026000213,14:19
20221026000312,16:03
20221026000391,16:47
20221026000460,17:45
20221026800267,14:31
20221026800417,16:30
20221026900589,17:46
20221027000260,13:54
20221027000308,14:45
20221027000607,17:41
20221028000104,11:28
20221028000163,13:51
20221028000276,15:07
20221028000404,16:27
20221031000089,11:42
20221031000090,11:36
20221031000200,14:43
20221031000320,16:26
20221101000006,09:27
20221101000008,09:34
20221101000020,10:27
20221102000277,15:28
20221102000371,16:36
20221103000041,10:33
20221103000070,11:13
20221103000141,14:15
20221103000237,15:52
20221103000305,16:44
20221104000072,11:24
20221104000112,14:14
20221107000057,11:47
20221107000079,12:28
20221107000085,13:15
20221107000101,14:04
20221107000105,14:09
20221108000177,15:23
20221108000261,16:43
20221109000391,17:26
20221109000394,17:32
20221110000526,17:14
20221111000005,08:17
20221111000140,10:10
20221111000301,13:55
20221111000615,16:05
20221111800930,16:32
20221114002602,17:35
20221115000031,09:34
20221115000140,14:05
20221115000212,15:46
20221117000062,11:07
20221117000162,15:52
20221117000206,16:09
20221117000243,16:52
20221118000117,11:00
20221118000261,13:49
20221118000482,16:04
20221118000506,16:19
20221118000519,16:28
20221118000531,16:33
20221121000007,09:20
20221121000163,15:55
20221121000169,15:47
20221121000180,16:08
20221122000084,11:17
20221122000160,15:04
20221122000164,15:11
20221122000211,15:50
20221122000281,17:07
20221123000134,13:54
20221123000269,16:13
20221124000316,16:04
20221124000322,16:03
20221124800524,16:00
20221125000090,10:37
20221125000122,11:02
20221125000323,14:41
20221125000672,17:33
20221125800155,10:46
20221125800629,17:34
20221128000110,11:31
20221128000378,16:14
20221128000384,16:19
20221128000475,16:57
20221129001000,16:14
20221129001191,16:44
20221130001044,14:30
20221130001246,14:51
20221202000111,10:22
20221202000221,11:42
20221202000401,15:52
20221202000415,15:45
20221202000439,16:07
20221206000287,15:59
20221207000123,13:38
20221207000206,15:16
20221207800181,13:40
20221208000157,14:07
20221208000317,15:57
20221208000397,16:41
20221209000710,17:15
20221212000341,17:04
20221213000025,09:30
20221213000095,11:55
20221213000258,16:15
20221214000289,16:17
20221214000311,16:52
20221214000349,17:08
20221215000063,11:14
20221215000230,15:42
20221215000391,17:08
20221215000404,17:00
20221215000415,17:26
20221216000134,13:15
20221216000276,15:16
20221216000354,15:58
20221216000379,16:09
20221216000482,17:01
20221216000517,17:24
20221216901265,17:02
20221219000075,13:44
20221219000113,14:58
20221219000191,16:05
20221220000170,13:55
20221220000180,14:24
20221220000229,15:21
20221220000353,16:45
20221220000437,17:24
20221221000014,09:36
20221221000107,13:49
20221221000119,14:16
20221221000211,14:57
20221221000214,14:58
20221221000454,17:44
20221222000274,15:16
20221222000369,16:22
20221223000041,09:39
20221223000171,13:41
20221223000205,14:22
20221223000301,15:21
20221226000084,10:36
20221226000194,14:40
20221226000217,14:43
20221226000221,14:53
20221226000280,15:41
20221226000405,17:24
20221228000321,14:42
20221228000539,16:26
20221228000589,16:44
20221229000344,14:26
20221229000500,15:41
20221230000144,11:03
20221230000460,15:34
20221230000489,16:04
20230102000055,11:33
20230102000060,11:52
20230102000098,13:53
20230102000142,15:19
20230102000177,16:14
20230102000313,07:30
20230103000036,10:46
20230103000296,15:56
20230103000435,17:24
20230103000458,17:40
20230104000129,13:31
20230104000159,14:18
20230104000469,17:45
20230105000420,17:04
20230105000455,17:10
20230106000645,17:06
20230109000089,11:27
20230109000192,15:28
20230110000123,10:29
20230110000329,15:05
20230111000315,16:44
20230113000587,17:35
20230117800297,15:39
20230118000535,17:58
20230119000411,17:27
20230125000253,15:26
20230125000309,16:11
20230125000331,16:33
20230126000063,10:19
20230126000418,16:37
20230126000495,17:07
20230126800123,10:23
20230126800469,16:42
20230130000105,13:30
20230130000303,16:24
20230131000300,16:00
20230201000013,09:46
20230201000147,14:46
20230202000017,09:55
20230202000177,16:05
20230203000178,14:25
20230206000062,11:16
20230206000269,15:58
20230206000356,17:27
20230206000410,17:47
20230208000115,13:34
20230208000269,15:17
20230208000559,17:16
20230208800939,17:18
20230209000323,14:12
20230209000394,14:58
20230209000456,15:49
20230209000466,15:48
20230209000491,16:14
20230209000519,16:19
20230209800608,16:00
20230210000379,13:55
20230210000636,15:52
20230213000485,14:44
20230213000581,15:37
20230213000697,16:24
20230213000873,17:20
20230214000758,14:49
20230214001104,16:35
20230214001245,16:59
20230215000698,14:25
20230215001276,16:37
20230216001385,17:20
20230217001595,16:50
20230220002436,17:14
20230221002626,18:05
20230222000209,09:51
20230222000593,10:55
20230222001629,14:49
20230222002075,15:46
20230222002107,15:40
20230222002127,15:46
20230222003057,17:45
20230222800445,15:56
20230222900346,14:59
20230223000676,11:16
20230223001828,15:04
20230223002423,16:07
20230223002539,16:28
20230223002701,16:25
20230224002310,14:20
20230224004142,17:09
20230224004173,17:08
20230224004424,17:26
20230224004486,17:33
20230227005934,15:51
20230227006069,16:05
20230227006433,16:14
20230228005465,15:50
20230228005606,16:04
20230228005607,15:53
20230228006088,16:32
20230228006473,17:09
20230302000272,14:58
20230302000564,17:26
20230302000628,18:03
20230303000107,10:38
20230303000142,11:13
20230303000184,12:18
20230303000185,12:21
20230303000407,15:50
20230303000572,16:47
20230303000588,16:58
20230303000594,16:58
20230303000606,16:58
20230303000635,17:22
20230306000242,15:56
20230306000272,16:11
20230306000307,16:14
20230306000446,17:31
20230306800472,16:06
20230307000469,16:10
20230307000648,17:26
20230307800978,17:31
20230308000239,13:54
20230308000492,18:40
20230309000577,16:55
20230310000138,10:37
20230310000196,11:23
20230310000208,11:24
20230310000595,15:19
20230310000693,15:51
20230313000244,13:31
20230313000393,15:14
20230313000654,16:51
20230313000661,16:43
20230313000872,17:37
20230313000913,18:00
20230313000953,18:38
20230314001051,17:18
20230316000913,16:17
20230316001200,16:59
20230316001215,17:11
20230316801506,16:26
20230320000293,13:51
20230320000520,15:25
20230320000619,15:51
20230320000629,16:01
20230320000905,17:22
20230321000784,15:51
20230321001093,16:52
20230321001181,17:33
20230322001041,17:04
20230323000807,15:49
20230323000953,16:19
20230327000324,13:04
20230327000374,13:41
20230327000389,13:56
20230327000478,14:44
20230327000655,15:43
20230327000764,16:33
20230327000766,16:33
20230327000807,16:54
20230327000863,17:22
20230327000928,18:24
20230328000449,14:30
20230328000635,15:42
20230328000722,15:50
20230328000914,16:47
20230328000994,16:59
20230329000843,15:28
20230329000895,15:59
20230329001021,16:10
20230329001144,16:44
20230329001223,17:04
20230329001436,17:36
20230329901754,16:01
20230330001208,16:09
20230331003815,16:59
20230331003844,17:03
20230331003868,17:11
20230331003895,17:11
20230331003953,17:12
20230331004398,17:57
20230404002955,17:19
20230404003101,17:45
20230405002330,15:57
20230406002076,15:56
20230407002639,16:05
20230410003067,16:28
20230411002124,15:28
20230411002840,17:24
20230411002888,17:33
20230414002389,16:44
20230414002516,17:24
20230414002569,17:39
20230418000247,14:28
20230418800212,14:49
20230419000164,13:58
20230419000254,15:20
20230419000277,15:34
20230419000279,15:34
20230420000180,13:29
20230420000183,13:26
20230420000352,15:38
20230424000132,11:28
20230424000188,13:26
20230424000258,14:33
20230424000440,16:48
20230424000484,17:16
20230424000544,18:13
20230424000548,18:34
20230425000377,14:48
20230426000190,12:58
20230426000199,13:13
20230426000218,13:34
20230426000633,17:14
20230426800178,13:37
20230427000308,13:37
20230427000524,15:26
20230427000684,16:37
20230502000528,14:49
20230502000611,15:49
20230502000777,16:38
20230502000797,16:36
20230502000872,17:05
20230503000635,17:09
20230504000100,11:05
20230508000136,11:33
20230508000282,14:23
20230508000493,15:58
20230508000672,17:47
20230509000035,09:56
20230509000192,13:23
20230509000259,14:17
20230509000355,15:09
20230509000361,15:20
20230509000516,16:44
20230509000622,17:20
20230511000177,11:26
20230511000450,15:33
20230511000578,16:30
20230516000098,14:02
20230516000200,16:00
20230517000267,16:33
20230518000205,15:39
20230518000293,17:15
20230518000299,17:19
20230519000354,16:00
20230523000054,10:50
20230523000118,14:15
20230524000118,11:59
20230524000431,16:39
20230524000467,16:36
20230525000134,11:32
20230525000224,13:53
20230525000307,15:24
20230525000308,15:25
20230525000427,16:41
20230526000146,12:10
20230526000181,13:38
20230526000684,17:11
20230530000643,16:10
20230601000084,11:25
20230601000248,16:13
20230601000293,16:21
20230602000176,14:00
20230602000207,14:11
20230602000246,15:16
20230602000269,15:27
20230602000426,16:23
20230602000576,17:46
20230607000108,13:46
20230607000231,15:43
20230607000239,15:51
20230608000001,07:38
20230608000190,14:11
20230608000206,14:40
20230608000224,15:13
20230609000260,15:20
20230609000451,16:33
20230612000167,11:47
20230612000211,13:39
20230612000272,15:00
20230613000064,10:20
20230614000376,17:35
20230615000022,09:33
20230615000047,10:15
20230615000513,17:28
20230616000035,09:29
20230616000117,13:18
20230616000126,13:44
20230616000257,14:49
20230616000368,15:46
20230619000155,14:58
20230619000183,15:46
20230620000203,15:12
20230621000056,11:15
20230621000247,15:56
20230621000286,16:18
20230622000117,11:01
20230622000162,13:24
20230622000168,14:04
20230622000176,14:00
20230626000099,13:25
20230626000158,14:36
20230626000218,15:40
20230627000362,16:19
20230627000379,16:17
20230627000442,17:04
20230627000512,17:50
20230628000138,13:53
20230628000172,14:27
20230628000178,14:20
20230628000254,15:15
20230628900190,14:16
20230629000287,14:05
20230629000450,16:04
20230629000685,18:07
20230630000297,13:31
20230630000308,13:20
20230630000797,16:25
20230703000025,09:21
20230703000080,10:59
20230703000093,11:00
20230703000255,16:30
20230703000357,17:28
20230704000023,09:01
20230704000409,16:16
20230704000456,16:40
20230705000003,08:21
20230705000069,11:58
20230705000100,13:46
20230705000225,15:13
20230705000247,15:38
20230706000041,10:24
20230707000012,09:03
20230707000449,16:13
20230710000063,10:02
20230710000148,13:46
20230711000337,16:33
20230712000015,09:00
20230712000113,13:54
20230712000472,17:36
20230713000076,11:41
20230713000151,14:41
20230713000319,16:50
20230713000383,17:35
20230713800192,14:44
20230714000144,13:23
20230714000420,16:29
20230714000437,16:23
20230717000103,14:04
20230717000222,15:56
20230717000237,16:08
20230717000247,16:27
20230717000263,16:17
20230719000100,11:05
20230719000224,14:59
20230721000308,15:26
20230721000362,15:51
20230721000395,16:02
20230721000447,16:14
20230725000059,10:42
20230725000167,14:46
20230725000254,15:48
20230726000013,08:51
20230726000023,09:48
20230726000160,13:44
20230726000183,14:04
20230726000193,14:27
20230726000206,14:16
20230726000310,15:30
20230726000317,15:25
20230726000396,16:06
20230726800249,14:10
20230727000434,16:17
20230727000452,16:24
20230727000502,17:11
20230728000018,09:27
20230728000118,11:42
20230728000122,11:48
20230728000156,13:17
20230728000167,13:17
20230728000173,13:25
20230728000179,13:25
20230728000187,13:37
20230728000202,13:37
20230728000216,13:50
20230728000228,13:51
20230728000267,14:13
20230728000275,14:13
20230728000288,14:22
20230728000293,14:22
20230731000009,08:31
20230731000027,09:12
20230731000107,11:33
20230731000216,15:25
20230801000022,09:21
20230801000027,09:28
20230801000246,16:05
20230801000324,17:05
20230802000002,08:33
20230802000064,10:50
20230802000151,14:03
20230803000327,15:19
20230803000383,16:04
20230803000387,16:05
20230804000029,09:54
20230808000014,09:14
20230808000123,13:47
20230808000138,13:46
20230809000001,07:46
20230809000221,13:28
20230809000223,13:49
20230809000313,14:21
20230809000441,15:32
20230809000692,17:44
20230809000696,17:51
20230810000379,14:07
20230810000562,15:06
20230810000814,16:50
20230811001982,16:33
20230811002323,17:14
20230816000075,12:10
20230816000172,15:40
20230816000231,16:27
20230816000307,17:32
20230817000168,14:32
20230817000200,15:11
20230818000081,11:08
20230818000238,15:36
20230821000026,09:18
20230821000072,12:01
20230821000255,15:46
20230821000270,15:40
20230822000021,09:33
20230822000054,11:08
20230822000149,14:53
20230822000173,15:23
20230822000291,16:19
20230822800169,14:59
20230824000167,11:39
20230824000318,16:10
20230828000175,11:34
20230828000192,12:01
20230828000307,14:30
20230828000493,16:35
20230828000539,16:47
20230829000164,10:38
20230829000226,11:47
20230829000245,11:52
20230829000263,13:05
20230829000317,13:41
20230829000752,17:15
20230831001001,14:21
20230831001353,16:20
20230901000084,13:29
20230901000133,14:05
20230904000023,10:05
20230904000272,18:01
20230905000204,15:40
20230906000328,16:32
20230907000017,09:30
20230907000212,16:09
20230907000260,16:23
20230908000389,16:18
20230911000220,15:04
20230911000247,15:40
20230911000267,16:11
20230911000387,17:15
20230912000095,13:14
20230912000194,15:18
20230912000241,16:03
20230912000259,16:14
20230912000367,16:56
20230912000396,17:45
20230912000405,17:32
20230913000413,16:56
20230914000091,11:30
20230914000092,11:19
20230918000158,15:00
20230918000172,15:12
20230919000111,14:37
20230921000102,12:12
20230921000107,12:33
20230921000124,13:32
20230921000139,14:06
20230921000274,16:52
20230921000303,17:02
20230922000149,11:36
20230922000335,15:37
20230922000378,16:05
20230922000464,16:57
20230925000110,11:50
20230925000172,13:56
20230925000231,14:47
20230925000238,14:59
20230925000302,15:33
20230925000377,16:25
20230925900317,15:37
20230926000122,11:10
20230926000232,14:03
20230926000519,16:32
20230926000630,17:01
20230927000441,14:06
20231004000067,10:27
20231004000079,10:51
20231004000183,14:43
20231004000294,16:12
20231004000305,16:12
20231004000325,16:53
20231004000355,16:47
20231004000395,16:55
20231004000423,17:35
20231006000139,13:33
20231006000291,15:15
20231006000311,15:21
20231010000606,17:17
20231010000642,17:22
20231011000471,17:56
20231012000253,16:04
20231012000327,16:59
20231012800300,16:12
20231013000304,15:40
20231013000408,16:26
20231016000083,11:26
20231016000090,13:26
20231016000113,13:58
20231016000169,15:40
20231016000176,15:39
20231016000207,16:17
20231016000230,16:46
20231016800281,15:40
20231018000008,09:05
20231018000188,15:06
20231018000272,15:41
20231018000296,16:09
20231018000323,16:36
20231018000324,16:36
20231018000326,16:42
20231018800355,16:42
20231018800356,16:42
20231019000284,16:46
20231020000063,10:30
20231020000167,12:22
20231020000222,13:54
20231020000332,15:11
20231023000050,10:46
20231023000067,12:05
20231023000155,15:32
20231023000158,15:49
20231023000161,15:58
20231023000241,16:41
20231024000075,13:24
20231024000124,14:50
20231024000130,14:51
20231024000211,16:05
20231024000220,16:06
20231024000226,16:07
20231026800599,17:10
20231027000073,10:46
20231027000114,13:08
20231027000159,13:44
20231027000247,15:10
20231027000338,16:06
20231027000455,17:04
20231027000543,07:30
20231027000545,07:30
20231030000047,10:27
20231030000054,10:45
20231030000182,14:44
20231030000208,15:24
20231030000229,15:40
20231030000400,17:24
20231030000418,17:28
20231030900116,11:06
20231031000004,07:49
20231031000151,13:19
20231031000266,15:15
20231031000290,15:34
20231031000296,15:46
20231031000380,16:26
20231031800014,07:50
20231101000252,16:13
20231103000053,11:07
20231106000081,14:05
20231106000123,14:59
20231106000141,15:18
20231106000257,16:30
20231107000060,13:10
20231107000163,15:52
20231107000197,16:33
20231108000116,11:28
20231108000136,13:32
20231108000286,15:37
20231108000303,15:40
20231108800370,15:45
20231108900223,13:59
20231109000017,09:00
20231109000119,10:40
20231109000157,11:43
20231109000160,11:42
20231109000193,13:36
20231109000319,15:57
20231109000480,17:26
20231110000234,13:48
20231110000281,14:34
20231110000285,14:26
20231110000422,15:41
20231110000709,17:34
20231110000713,17:50
20231113000120,11:10
20231113000225,14:01
20231113000326,15:12
20231113000349,15:15
20231113000425,15:57
20231113000572,16:47
20231114002389,16:59
20231115000033,09:58
20231115000038,10:05
20231115000285,16:03
20231116000103,11:23
20231116000308,15:16
20231116000451,17:29
20231117000202,15:58
20231117000213,16:00
20231117000243,16:27
20231120000376,09:41
20231120000484,12:00
20231120000584,14:08
20231120000630,14:39
20231121000023,09:44
20231121000031,09:45
20231121000059,10:41
20231121000289,16:28
20231121000308,16:44
20231122000054,11:50
20231122000129,14:16
20231122000181,15:23
20231122000311,16:56
20231122000315,16:56
20231122000329,17:12
20231123000087,10:27
20231124000056,10:02
20231124000091,10:52
20231124000105,11:13
20231124000209,13:55
20231124000360,15:51
20231124000433,16:28
20231124000465,16:33
20231128000371,12:32
20231128000400,13:05
20231129001432,17:37
20231129001434,17:37
20231130001423,15:42
20231130001508,16:12
20231130001693,16:59
20231201000284,16:11
20231204000117,14:00
20231204000187,15:47
20231206000263,15:18
20231207000108,11:25
20231207000129,12:44
20231207000463,17:40
20231208000423,15:59
20231208000598,17:13
20231212000133,14:15
20231212000136,14:16
20231212000259,16:00
20231212000268,16:13
20231212000274,16:23
20231213000062,10:08
20231213000095,11:09
20231213000424,16:26
20231214000189,14:09
20231214000359,16:20
20231214801195,16:21
20231215000155,13:31
20231215000285,15:31
20231215000376,16:11
20231219000162,15:04
20231219000301,16:56
20231220000147,13:55
20231220000268,15:40
20231220000297,15:52
20231221000297,15:30
20231221000366,16:19
20231221000437,16:42
20231221000562,17:34
20231222000059,10:07
20231222000070,10:40
20231222000120,11:20
20231222000171,13:11
20231222000229,14:20
20231222000249,14:12
20231226000002,07:42
20231226000316,16:05
20231228000096,10:48
20231228000262,14:08
20231228000427,15:35
20240102000156,15:57
20240102000333,17:22
20240104000062,12:24
20240104000066,12:26
20240104000115,15:19
20240104800115,12:26
20240105000059,11:13
20240105000062,11:13
20240105000067,11:13
20240105000195,14:07
20240105000196,14:07
20240105000203,14:46
20240105000453,16:47
20240105800236,14:57
20240110000471,15:49
20240110000669,16:57
20240116000111,14:44
20240116000166,15:42
20240116000183,15:55
20240117000279,16:59
20240118000186,16:47
20240119000589,17:55
20240122000216,15:20
20240122000261,16:11
20240122000332,16:50
20240122000352,17:13
20240123000039,10:55
20240123000163,14:33
20240123000177,14:46
20240123000240,15:47
20240123000390,17:33
20240123800318,15:48
20240124000042,09:54
20240124000106,11:14
20240124000158,14:00
20240124000267,15:03
20240125000171,11:39
20240125000187,12:24
20240125000291,14:50
20240125000339,15:20
20240125000467,16:34
20240126000543,17:14
20240129000035,10:43
20240129000320,16:53
20240130000099,10:58
20240130000294,16:01
20240130000422,17:11
20240131000164,13:36
20240131000244,14:54
20240131000404,16:39
20240131000412,16:21
20240131000559,17:14
20240201000561,16:58
20240202000330,16:00
20240202000483,17:13
20240205000128,14:05
20240205000290,16:30
20240205000329,16:47
20240205000427,18:14
20240206000131,11:34
20240206000302,15:12
20240206000402,16:07
20240206000515,16:49
20240207000357,13:50
20240207000618,15:39
20240207000636,15:37
20240207000641,15:37
20240207000724,16:08
20240207800681,15:39
20240208000341,11:19
20240208000535,13:19
20240208000700,13:54
20240208000812,14:29
20240208000892,15:02
20240208001020,15:40
20240208001216,16:45
20240213000528,14:22
20240213000683,14:40
20240213000900,16:00
20240213001010,16:30
20240213001080,17:01
20240213001291,17:52
20240214001965,15:50
20240215000011,08:51
20240215000326,12:14
20240215000540,14:31
20240215000595,14:49
20240215001247,17:58
20240215801205,18:02
20240216000304,11:16
20240216000972,16:01
20240216001385,17:37
20240219000834,13:48
20240219001406,15:54
20240219001498,16:01
20240221000662,12:49
20240221000803,13:37
20240221001401,15:42
20240221001656,16:19
20240222001213,14:16
20240222001335,14:34
20240222001704,15:46
20240223001059,13:19
20240223001254,13:57
20240223001572,14:39
20240223002453,16:23
20240223002671,16:38
20240226002906,14:18
20240226005093,16:46
20240226005402,16:57
20240227002205,11:56
20240227004601,14:50
20240228008655,17:54
20240229002230,17:08
20240305000115,11:41
20240305000129,12:12
20240305000360,16:04
20240305000466,17:01
20240306000198,14:09
20240306000216,14:22
20240306000287,15:14
20240306000383,15:47
20240306000464,16:18
20240306000519,16:44
20240307001003,07:30
20240308000098,10:52
20240308000366,15:17
20240308000381,15:25
20240308000530,16:11
20240308000646,16:38
20240311000112,10:58
20240311000147,11:22
20240311000380,15:18
20240311000576,16:29
20240312000365,14:50
20240312000396,15:05
20240312000515,15:57
20240312000708,16:36
20240312000732,16:42
20240312000825,17:10
20240313001060,16:37
20240313001515,17:29
20240315000185,11:01
20240315000221,11:42
20240315000385,14:51
20240315000479,15:33
20240315000552,16:12
20240315000565,15:57
20240318000202,13:10
20240318000249,13:43
20240318000312,14:33
20240318000322,14:41
20240318000434,15:55
20240318000555,16:43
20240318000613,16:40
20240319000057,10:02
20240319000209,11:37
20240319000329,14:36
20240319000622,16:40
20240319000668,17:07
20240319800109,10:06
20240322000129,10:14
20240322000467,14:24
20240322000489,14:30
20240322000660,15:43
20240322000830,16:34
20240325000210,11:37
20240325000275,13:37
20240325000583,16:03
20240325000692,16:28
20240325000802,17:18
20240325000854,17:32
20240326000300,13:13
20240326000777,16:42
20240327000263,11:27
20240327000487,14:30
20240327000515,14:48
20240328001255,15:58
20240328001537,17:03
20240401003703,16:39
20240401003709,16:35
20240401003719,16:35
20240401003731,16:35
20240401003740,16:35
20240401003750,16:36
20240402002768,16:03
20240403003076,16:57
20240405002706,16:00
20240405003417,17:30
20240408003856,17:23
20240412003833,17:32
20240415000475,13:43
20240415000578,13:41
20240415000594,13:56
20240415000755,15:08
20240416000071,10:25
20240416000096,10:52
20240416000129,13:24
20240416000139,13:38
20240416000156,14:15
20240416000224,15:17
20240416000271,16:02
20240416000344,16:36
20240417000035,10:09
20240417000152,13:22
20240417000236,14:46
20240417000353,16:13
20240417000391,16:11
20240418000387,16:42
20240419000103,10:24
20240419000205,12:47
20240419000449,15:33
20240419000519,16:20
20240422000180,14:25
20240422000302,15:55
20240422000352,16:17
20240425000308,14:07
20240425000318,14:20
20240425000361,15:00
20240425000491,15:58
20240426000168,10:48
20240426000306,13:29
20240426000496,14:43
20240426000771,16:24
20240429000297,11:56
20240429000358,13:29
20240429000922,16:20
20240429000934,16:30
20240429001044,16:56
20240430000293,11:12
20240430000489,13:40
20240430000677,15:38
20240430000764,15:26
20240430000807,15:51
20240430000937,16:25
20240430000984,16:41
20240430001017,16:32
20240502000238,14:50
20240502000415,16:30
20240503000071,09:49
20240503000312,14:23
20240503000423,15:30
20240503000436,15:35
20240503000464,15:44
20240503000740,17:20
20240503000786,17:59
20240508000110,11:05
20240508000254,14:59
20240508000305,15:40
20240508000320,15:46
20240508000361,16:22
20240508000387,16:19
20240509000521,17:05
20240510000419,14:03
20240510000470,14:18
20240510000512,14:45
20240510000771,16:06
20240510000826,16:03
20240510800400,14:55
20240513000246,11:47
20240513000709,16:21
20240514000741,15:30
20240514000805,15:41
20240514000832,16:11
20240520000219,16:34
20240520000266,17:39
20240521000013,09:20
20240521000046,11:17
20240521000233,16:20
20240522000412,16:43
20240524000521,17:24
20240527000036,09:54
20240527000128,13:52
20240527000129,14:09
20240528000495,17:14
20240529000044,09:54
20240529000068,10:54
20240529000113,11:42
20240529000187,14:01
20240529000284,14:59
20240529000330,15:33
20240529000403,16:15
20240530001317,17:20
20240530001410,17:41
20240531002323,15:40
20240531002362,15:57
20240531002670,16:25
20240531002687,16:33
20240603000028,10:00
20240603000086,13:27
20240603000182,15:36
20240603000246,16:34
20240603000253,16:34
20240604000243,16:04
20240605000064,09:59
20240605000086,10:12
20240605000137,12:56
20240605000188,14:55
20240607000376,16:57
20240610000118,13:31
20240610000216,15:43
20240610000311,17:02
20240610000355,17:17
20240610000394,17:46
20240610800505,17:18
20240610800564,17:49
20240614000092,10:47
20240614000125,11:19
20240614000428,16:11
20240617000057,11:07
20240617000079,13:57
20240617000172,15:42
20240619000039,10:36
20240619000072,11:19
20240619000109,13:49
20240619800468,14:38
20240620000322,16:36
20240621000093,10:42
20240621000259,14:33
20240624000014,09:43
20240624000039,10:56
20240624000246,16:34
20240624000308,17:16
20240624000316,17:18
20240624900523,17:27
20240625000130,11:45
20240625000185,14:39
20240625000236,15:14
20240626000066,11:21
20240626000092,11:17
20240626000207,14:42
20240628000566,15:18
20240701000336,14:53
20240701000508,16:50
20240703000597,17:56
20240705000007,08:22
20240705000159,13:32
20240705000308,15:42
20240708000022,09:40
20240708000103,11:34
20240708000187,14:37
20240709000078,11:18
20240709000185,14:44
20240709000188,14:34
20240709000279,15:44
20240709000346,16:35
20240715000173,14:46
20240715000223,15:42
20240715800369,15:48
20240716000265,16:48
20240717000081,10:52
20240717000335,16:25
20240718000021,09:43
20240718000126,14:07
20240718000270,15:54
20240719000061,10:04
20240719000126,11:28
20240722000023,10:32
20240722000046,13:08
20240722000087,15:17
20240722000189,16:31
20240723000338,17:38
20240724000428,17:01
20240724000434,17:00
20240725000414,17:13
20240726000177,13:02
20240726000221,13:47
20240726000300,14:50
20240726000326,15:07
20240726000457,16:16
20240729000056,14:04
20240729000076,14:25
20240729000114,15:01
20240730000276,16:46
20240730000313,17:17
20240801000002,08:35
20240801000207,16:16
20240802000090,10:49
20240802000155,14:06
20240805000331,16:45
20240806000023,10:38
20240806000024,10:23
20240806000045,11:32
20240806000055,11:51
20240806000117,14:41
20240806000163,15:26
20240806000180,15:42
20240806000181,15:48
20240806000201,15:52
20240806000211,15:58
20240806000215,16:11
20240806000226,16:04
20240806000245,16:11
20240806000300,17:17
20240806000322,17:56
20240806800660,15:46
20240807000021,09:27
20240807000039,09:54
20240807000110,11:07
20240807000135,11:37
20240807000156,13:15
20240807000220,14:38
20240807000236,14:51
20240807000258,15:40
20240807000261,15:30
20240807000277,15:41
20240807000307,16:06
20240807000331,16:20
20240807900132,09:58
20240808000145,13:41
20240808000185,13:59
20240808000194,14:18
20240808000237,14:39
20240808000271,15:30
20240808000377,17:08
20240808000381,16:56
20240808000427,17:53
20240809000010,08:51
20240809000167,11:21
20240809000182,11:39
20240809000189,11:58
20240809000203,13:34
20240809000209,13:25
20240809000233,13:44
20240809000594,17:03
20240809000596,16:54
20240809900065,08:53
20240812000281,11:46
20240812000504,14:43
20240812001011,17:58
20240813000623,14:02
20240813000835,15:12
20240813001035,15:52
20240813001056,16:00
20240813001448,16:59
20240816000064,11:09
20240816000093,13:17
20240816000275,18:09
20240820000341,17:15
20240820800485,17:31
20240821000146,14:03
20240822000192,13:37
20240822000318,16:21
20240823000496,16:46
20240823000584,07:30
20240826000144,13:38
20240826000155,14:03
20240826000222,15:08
20240826000262,15:46
20240826000335,16:54
20240826000414,17:24
20240826900459,17:27
20240827000353,14:12
20240827000606,15:50
20240827000661,16:05
20240829000733,14:35
20240829000841,15:12
20240829001029,15:44
20240829001269,16:40
20240829001665,18:08
20240830001788,15:43
20240902000033,10:18
20240902000047,11:01
20240902000165,13:49
20240902000285,15:47
20240902800526,15:49
20240903000125,13:53
20240904000075,10:48
20240904000094,10:56
20240904000225,14:36
20240904000247,14:58
20240904000270,15:23
20240904000290,15:49
20240904000301,15:46
20240904000303,15:54
20240904000474,17:44
20240905000042,10:35
20240905000079,11:44
20240905000122,13:58
20240905000252,16:02
20240905000296,16:24
20240905000299,16:50
20240905000322,17:02
20240905900112,11:50
20240909000035,10:49
20240909000074,13:32
20240909000092,14:12
20240909000098,14:03
20240910000101,10:49
20240910000384,15:14
20240910000607,16:52
20240911000067,11:04
20240911000075,11:39
20240911000216,15:51
20240912000463,17:01
20240913000142,10:20
20240913000153,10:21
20240913000529,15:08
20240919000285,17:22
20240920000108,11:49
20240920000130,14:10
20240920000189,15:01
20240920000249,15:41
20240920000296,16:22
20240920000346,16:39
20240923000014,09:58
20240923000047,11:24
20240923000085,14:26
20240923000134,15:08
20240923000173,15:37
20240923000193,15:40
20240923000256,16:30
20240923000329,17:06
20240923000378,17:38
20240923000391,17:42
20240923800221,14:41
20240925000136,11:33
20240925000252,14:35
20240925000357,15:39
20240925000359,15:47
20240925000376,16:02
20240926000144,13:34
20240926000168,14:32
20240926000391,17:05
20240926000467,17:28
20240930000001,07:36
20240930000100,10:58
20240930000142,11:41
20240930000203,13:39
20240930000294,15:11
20240930000298,15:11
20240930000419,15:57
20240930000446,16:20
20240930000458,16:20
20240930000508,16:48
20240930000531,17:03
20240930000592,17:03
20241004000082,11:08
20241004000107,13:45
20241004000121,15:02
20241008000093,11:12
20241008000126,13:31
20241008000223,14:59
20241008000324,16:04
20241010000262,14:35
20241010000434,16:11
20241010000456,16:34
20241010000497,16:41
20241010000502,16:51
20241011800414,16:55
20241014000058,11:00
20241014000185,15:35
20241014000234,16:34
20241014000310,17:54
20241017000031,09:15
20241017000095,13:06
20241018000164,13:57
20241018000177,14:14
20241018000201,14:33
20241018000440,16:42
20241021000291,17:29
20241022000286,16:57
20241022000287,16:58
20241023000084,12:01
20241023000247,15:50
20241023000266,15:55
20241023000340,17:13
20241024000237,15:53
20241024000293,16:18
20241024000341,16:39
20241025000080,11:01
20241025000118,11:25
20241025000162,13:35
20241025000173,13:43
20241025000204,14:28
20241025000337,15:46
20241025000365,16:06
20241028000033,10:12
20241028000036,10:19
20241028000110,13:44
20241028000124,13:47
20241028000193,15:27
20241028000251,16:23
20241028000302,17:00
20241028000358,17:14
20241028000398,17:50
20241030000096,11:21
20241030000202,14:56
20241030000274,15:37
20241031000087,10:33
20241031000156,13:34
20241031000311,15:42
20241031000494,17:24
20241101000127,13:49
20241101000265,16:03
20241104000327,17:18
20241105000196,16:48
20241106000099,13:42
20241106000117,14:22
20241106000118,14:20
20241106000167,15:47
20241106000265,16:56
20241108000070,10:18
20241108000114,11:25
20241108000122,11:23
20241108000381,16:08
20241108000384,16:20
20241108000416,16:30
20241108000441,16:37
20241108000470,16:49
20241108800647,16:40
20241111000247,15:52
20241111000314,16:23
20241111000373,17:19
20241111000386,17:19
20241111000397,17:15
20241111000426,17:35
20241112000137,11:42
20241112000252,15:12
20241112000321,16:16
20241112000328,16:01
20241112000352,16:29
20241112000380,16:33
20241113000763,17:55
20241114002305,16:48
20241114002567,17:17
20241114002578,17:28
20241115000087,10:39
20241115000139,11:17
20241115000151,11:50
20241115000152,11:51
20241115000171,13:34
20241115000179,13:54
20241115000218,15:23
20241115000247,15:50
20241115000306,16:51
20241115000375,18:14
20241118000014,09:42
20241118000026,10:44
20241118000028,10:48
20241118000047,11:50
20241118000124,15:25
20241118000148,15:48
20241118000156,15:54
20241118900176,14:13
20241120000068,12:08
20241120000095,13:56
20241120000326,17:09
20241121000003,07:31
20241121000006,08:21
20241121000031,09:41
20241121000245,14:33
20241121000269,14:54
20241121000308,15:25
20241121000352,15:59
20241121000358,15:57
20241122000500,16:54
20241125000122,13:38
20241125000200,15:31
20241125000205,15:28
20241125000270,16:23
20241126000199,13:44
20241126000337,14:56
20241126000514,16:00
20241202000028,09:26
20241202000138,11:22
20241202000210,13:52
20241202000272,14:51
20241202000286,15:08
20241202000324,15:40
20241202000351,16:02
20241202000363,16:10
20241202000413,16:36
20241202000519,17:37
20241203000070,11:48
20241203000170,15:31
20241203000215,16:10
20241203000217,15:58
20241203900062,09:49
20241205000066,10:03
20241205000119,11:04
20241205000145,11:42
20241205000432,16:50
20241206000055,10:13
20241206000086,10:38
20241206000109,11:38
20241206000155,13:36
20241206000180,14:12
20241206000358,16:13
20241206000398,16:20
20241206000426,16:22
20241206000574,17:41
20241209000029,10:15
20241209000060,10:42
20241209000079,11:37
20241209000125,13:23
20241209000144,13:38
20241209000163,14:19
20241209000206,14:53
20241209000253,15:25
20241209000286,16:10
20241209000309,16:18
20241209000348,16:45
20241209000431,17:36
20241210000098,10:34
20241210000150,12:33
20241210000151,12:33
20241210000181,13:24
20241210000184,13:24
20241210000201,13:36
20241210000439,16:21
20241210000441,16:22
20241210000490,17:10
20241212000653,17:40
20241216000135,14:49
20241216000217,15:58
20241216000322,17:13
20241216000362,17:28
20241216901778,17:31
20241217000111,11:42
20241217000167,14:00
20241217000253,15:24
20241217000258,15:25
20241217800353,15:29
20241218000097,11:47
20241218000127,13:54
20241218000191,15:12
20241218000258,16:00
20241218000432,18:47
20241218000433,18:58
20241218000435,18:58
20241218000437,18:58
20241218000439,18:59
20241226000007,08:53
20241226000358,16:07
20241226000398,16:05
20241226800589,16:38
20241227000719,17:20
20241227000739,17:27
20241227800910,17:30
20241227900924,17:29
20241230000075,10:50
20241230000076,10:51
20241230000248,15:03
20241230000557,17:11
20241230800380,15:08
20250102000026,09:50
20250102000141,14:12
20250102000333,17:12
20250106000285,16:27
20250106000329,17:07
20250106000331,16:38
20250106800546,17:12
20250107000126,10:44
20250107000152,11:11
20250107000265,14:16
20250107000279,14:31
20250107000287,15:05
20250107000288,15:04
20250107000309,15:21
20250114000204,14:29
20250116000260,17:05
20250120000028,09:59
20250120000141,14:01
20250120000165,14:05
20250120000327,16:24
20250121000097,11:03
20250121000138,13:48
20250121000201,15:03
20250122000268,15:59
20250122000325,16:10
20250122000377,16:19
20250122000435,16:48
20250122000503,17:37
20250122800505,16:28
20250123000566,18:00
20250124000098,09:30
20250124000283,11:30
20250124000314,11:38
20250124000346,13:16
20250124000370,13:24
20250124000823,17:08
20250124800285,13:42
20250131000181,13:15
20250131000445,16:00
20250131000515,17:12
20250131000518,17:22
20250203000085,13:23
20250203000127,14:46
20250203000216,15:49
20250203000278,16:29
20250203000315,16:47
20250203000466,18:06
20250204000096,11:32
20250204000132,14:14
20250204000177,14:43
20250204000318,15:51
20250205000481,17:28
20250205000486,17:32
20250205000494,17:33
20250206000138,10:54
20250206000164,11:30
20250206000192,13:31
20250206000194,13:30
20250206000196,13:40
20250206000322,14:56
20250206000430,15:53
20250207000193,12:11
20250207000195,12:10
20250207000440,15:40
20250207000500,15:36
20250207000515,15:47
20250207000625,16:09
20250207000807,16:54
20250207000823,16:58
20250207800226,12:20
20250210000269,13:42
20250210000415,15:00
20250210000448,15:11
20250210000649,16:51
20250210000731,17:44
20250211000501,15:14
20250212000320,13:46
20250212000798,16:53
20250212001041,17:34
20250213001765,17:51
20250214002566,17:03
20250217000451,11:09
20250217001352,15:51
20250217001365,16:00
20250217001432,16:30
20250217001439,16:06
20250217001603,16:32
20250217001961,17:50
20250218000019,08:42
20250218000496,11:40
20250218000668,13:26
20250218001435,17:05
20250218001439,16:46
20250219000001,07:30
20250219000002,08:12
20250219000082,09:45
20250219000200,09:44
20250219000870,13:27
20250219001581,16:15
20250219800719,16:17
20250220000425,11:11
20250220000539,11:39
20250220001139,14:55
20250220001546,15:55
20250220001982,17:05
20250220002127,17:34
20250221000240,09:55
20250221001034,13:47
20250221001315,14:50
20250221001981,16:11
20250221002351,16:50
20250221800415,14:52
20250224004578,17:42
20250225001201,11:12
20250225001777,13:50
20250225002094,13:53
20250225004335,16:55
20250225004700,17:30
20250227006899,17:49
20250227007323,17:58
20250227007331,17:50
20250228004706,14:48
20250228004936,15:23
20250228005273,16:06
20250228005618,16:02
20250228801061,16:06
20250304000093,09:59
20250304000323,14:48
20250304000371,15:20
20250304000411,15:53
20250304000511,16:33
20250304000586,16:49
20250304000662,17:40
20250304000720,17:56
20250305000694,17:11
20250305901080,17:33
20250306000734,17:52
20250307000233,11:27
20250307000319,13:47
20250307000363,14:21
20250307000943,16:54
20250307000979,16:54
20250307001030,17:09
20250307001157,17:57
20250310000264,13:40
20250310000295,14:06
20250310000365,14:29
20250310000602,16:22
20250310000664,16:30
20250310000962,17:53
20250311000706,15:55
20250311000877,16:26
20250311001233,17:39
20250312000637,15:55
20250312000843,16:48
20250317000407,15:00
20250317000642,16:43
20250318000915,16:54
20250320001041,16:35
20250324000328,13:56
20250324000519,15:43
20250324000551,15:58
20250324000574,16:07
20250324000613,16:20
20250324000615,16:20
20250324000703,16:58
20250324000721,16:54
20250324000753,17:02
20250324000819,17:18
20250324000905,18:01
20250324800802,16:25
20250325000471,14:19
20250325000693,15:44
20250326000694,15:42
20250326000769,15:54
20250326000834,16:20
20250326000885,16:19
20250326000967,16:52
20250326001064,17:09
20250326001103,17:23
20250326802533,17:31
20250327000754,15:31
20250327000909,16:17
20250327001242,17:47
20250327001273,18:03
20250331003652,17:03
20250401003126,15:58
20250402002714,15:48
20250402003173,16:50
20250403003145,16:33
20250407003882,17:18
20250409002291,16:41
20250409002314,16:49
20250409002324,16:49
20250410002279,15:56
20250415000117,11:13
20250415000182,13:43
20250415000300,15:22
20250415000327,15:40
20250415000332,15:40
20250415000514,17:32
20250415900500,15:54
20250416000231,14:19
20250416000369,16:17
20250416800497,16:23
20250417000479,17:09
20250421000005,08:30
20250421000213,15:16
20250421000275,15:54
20250421000317,16:06
20250422000065,10:21
20250422000140,12:56
20250422000318,15:34
20250422000334,16:02
20250422000361,16:25
20250422000377,16:24
20250423000131,11:23
20250423000231,14:16
20250423000409,16:08
20250425000534,14:45
20250425000813,16:23
20250428000097,10:49
20250428000122,11:15
20250428000401,15:08
20250428000556,16:11
20250428000668,17:06
20250430001042,15:44
20250502000067,10:30
20250502000347,16:24
20250508000172,11:26
20250508000204,11:51
20250508000357,14:22
20250508000381,15:31
20250508000714,17:46
20250508800180,11:29
20250508800286,14:41
20250509000234,11:27
20250509000284,13:28
20250509000286,13:21
20250509000528,15:38
20250509000766,17:25
20250509800456,15:43
20250512000117,10:42
20250512000242,13:23
20250512000288,13:49
20250512000346,14:29
20250512000462,15:37
20250512000544,16:10
20250512000550,16:14
20250512000632,17:00
20250512000665,16:55
20250512000719,17:15
20250513000191,11:32
20250513000202,11:37
20250513000261,13:33
20250513000338,14:12
20250513000662,16:41
20250513900311,11:33
20250514000193,10:27
20250514000239,10:55
20250514000365,13:35
20250514000473,14:36
20250514000671,15:36
20250514000779,15:51
20250514000873,16:30
20250514000889,16:29
20250514000930,16:28
20250514001104,17:05
20250514001254,18:02
20250515001681,16:34
20250515002389,16:47
20250515002514,17:09
20250515002878,17:29
20250516000341,16:27
20250516000342,16:27
20250516000403,17:16
20250519000278,17:02
20250519000287,17:15
20250519000297,17:09
20250520000003,07:34
20250520000006,07:49
20250520000066,11:05
20250520000284,16:38
20250521000083,11:06
20250521000306,15:46
20250521000352,16:32
20250521000396,16:53
20250523000121,10:16
20250523000183,11:02
20250523000446,15:54
20250526000101,11:12
20250526000214,13:47
20250526000322,15:39
20250527000260,14:09
20250602000679,14:33
20250602000876,15:51
20250602001112,16:27
20250602001242,16:53
20250602001338,17:29
20250604000271,17:34
20250605000463,16:43
20250609000026,09:56
20250609000228,16:14
20250609000251,16:51
20250609000274,17:15
20250609000304,17:19
20250610000101,12:14
20250610000123,13:30
20250610000152,14:20
20250610000179,15:16
20250610000211,15:16
20250610000225,15:38
20250610000254,15:57
20250610800226,14:25
20250611000561,18:14
20250612000202,13:50
20250612000329,16:02
20250612000355,16:15
20250616000092,13:47
20250616000191,15:46
20250617000297,16:30
20250617000325,16:31
20250618000242,15:24
20250618000258,15:46
20250618000335,16:29
20250618000354,16:41
20250619000095,12:01
20250620000108,10:53
20250620000274,14:47
20250620000475,16:10
20250620000626,17:29
20250623000129,14:19
20250623000152,14:29
20250623000190,15:09
20250623000265,16:09
20250623000300,16:39
20250623000361,17:50
20250625000603,17:46
20250626000001,07:30
20250626000003,08:20
20250626000326,14:42
20250626000437,15:57
20250626000525,16:42
20250626000547,16:52
20250627000442,14:20
20250627000676,16:25
20250627000754,16:46
20250630000135,10:46
20250630000224,12:07
20250630000522,15:39
20250630000819,17:28
20250630900147,10:48
20250701000114,11:18
20250701000135,13:29
20250702000112,11:02
20250702000378,15:49
20250703000069,11:34
20250703000236,15:26
20250703000255,15:30
20250703000264,15:56
20250704000309,15:43
20250707000179,15:10
20250707000211,15:52
20250708000011,08:42
20250708000108,11:37
20250708000113,11:37
20250708000114,11:37
20250708000170,14:12
20250708000233,15:53
20250709000001,07:40
20250709000003,07:45
20250709000310,15:41
20250709000325,15:49
20250709000407,16:50
20250709000433,17:05
20250709000474,17:51
20250710000112,10:31
20250710000280,14:27
20250710000548,16:59
20250710000621,17:59
20250710800210,14:36
20250711000335,15:39
20250715000162,14:59
20250715000263,16:26
20250715000268,16:33
20250715000298,16:39
20250715000370,18:00
20250716000019,09:10
20250716000166,14:45
20250716000170,14:47
20250716000212,15:49
20250717000187,14:17
20250717000303,16:18
20250718000264,15:03
20250718000414,15:52
20250718000485,16:36
20250718000562,17:18
20250721000017,09:25
20250721000021,09:50
20250721000034,10:59
20250721000035,11:10
20250721000155,15:53
20250721000270,17:45
20250721800565,17:49
20250722000004,09:06
20250722000037,11:15
20250724000175,13:31
20250724000179,13:29
20250724000254,14:30
20250724000324,15:34
20250724000340,15:37
20250728000211,15:25
20250728000233,15:40
20250728000245,15:55
20250729000276,16:50
20250730000060,10:35
20250730000149,14:00
20250730000321,16:09
20250731000352,15:14
20250731000545,17:52
20250731800747,18:00
20250801000187,10:56
20250801000303,13:54
20250801800305,14:01
20250804000036,11:08
20250804000080,14:11
20250804000142,15:45
20250805000272,17:00
20250805000286,17:27
20250805000298,17:20
20250805800448,17:01
20250806000032,10:10
20250806000056,11:15
20250806000189,16:00
20250808000149,10:43
20250808000361,15:29
20250811000260,14:02
20250811000334,15:07
20250811000531,17:10
20250811000554,17:20
20250811000555,17:37
20250812000479,14:43
20250812000503,15:04
20250812000565,15:31
20250812000614,16:00
20250813000724,13:59
20250813000915,15:00
20250813001079,15:50
20250813001213,16:00
20250813001301,16:26
20250819000166,15:54
20250819000257,17:06
20250820000193,16:04
20250821000036,09:40
20250821000339,14:28
20250822000177,14:27
20250822000232,15:40
20250822000264,16:10
20250825000087,11:06
20250825000220,15:06
20250825000235,15:24
20250825000260,15:47
20250825000305,16:18
20250825000331,16:34
20250826000458,17:00
20250827000035,10:07
20250827000051,10:25
20250827000305,14:26
20250828000764,14:51
20250828000778,14:52
20250828001211,16:29
20250828001303,16:50
20250829002176,17:30
20250901000514,17:07
20250901000551,17:55
20250902000014,09:32
20250903000123,13:14
20250903000147,13:50
20250903000225,15:33
20250903000296,16:35
20250904000038,09:52
20250904000206,14:37
20250904000299,15:37
20250904000345,16:17
20250905000112,11:53
20250905000267,14:55
20250905000343,15:37
20250905000428,16:10
20250905000462,16:32
20250908000153,15:19
20250908000227,16:29
20250908000242,16:38
20250908000244,16:49
20250909000086,13:14
20250909000138,14:14
20250909000171,15:07
20250910000096,10:31
20250910000336,14:48
20250911000199,13:39
20250911000230,14:27
20250911000314,15:17
20250912000414,16:37
20250915000128,14:19
20250915000235,16:16
20250915000239,16:10
20250915000281,16:27
20250915000313,16:57
20250915800232,14:22
20250916000084,14:28
20250917000073,10:30
20250917000162,14:00
20250917000168,14:27
20250917000314,16:40
20250917000322,16:41
20250918000185,14:18
20250922000107,14:10
20250922000184,16:03
20250922000195,16:32
20250923000249,15:35
20250923000289,15:57
20250923000305,16:01
20250923000355,17:08
20250924000110,13:14
20250925000210,11:38
20250925000213,11:38
20250925000428,15:47
20250925000461,16:08
20250925000534,16:29
20250925000621,17:30
20250926000147,10:57
20250929000116,11:44
20250929000308,15:59
20250929000386,17:06
20250930000175,10:51
20250930000264,13:07
20250930000317,13:40
20250930000512,15:07
20250930000751,16:57
20250930000800,17:16
20250930000847,17:41
20251001000339,14:27
20251001000526,15:47
20251001000618,16:21
20251001000759,17:41
20251002000524,16:32
20251010000022,09:19
20251010000185,14:35
20251010000194,14:17
20251010000222,14:42
20251010000320,16:26
20251013000112,13:59
20251013000226,16:13
20251014000220,15:50
20251016000088,13:19
20251016000105,13:37
20251016000160,15:08
20251016000183,15:31
20251016000328,17:08
20251017000078,11:09
20251017000175,14:28
20251017000294,15:32
20251017000365,16:00
20251020000054,12:49
20251020000063,13:34
20251020000166,15:54
20251020000268,17:26
20251022000181,15:43
20251022000251,16:42
20251022000255,16:42
20251022000256,16:42
20251022000261,16:43
20251022000265,16:43
20251022800290,15:48
20251023000141,14:28
20251023000236,15:41
20251023000248,15:51
20251023000334,16:46
20251023000338,17:00
20251024000299,14:34
20251024000368,15:38
20251024000371,15:40
20251024000375,15:41
20251024000381,15:42
20251028000149,13:44
20251028000206,14:44
20251028000287,15:53
20251029000145,14:03
20251029000149,14:04
20251030000307,14:49
20251030000412,16:12
20251030000473,16:39
20251031000110,11:28
20251031000161,13:53
20251031000182,14:23
20251031000253,15:13
20251031000434,16:23
20251104000105,13:54
20251104000181,15:15
20251104800280,15:17
20251105000057,11:05
20251105000058,11:07
20251106000388,17:22
20251106800715,17:25
20251107000099,11:05
20251107000304,15:31
20251110000096,13:48
20251110000183,15:31
20251111000179,15:08
20251111000193,15:20
20251111000245,16:04
20251112000393,16:19
20251113001037,17:54
20251117000030,10:25
20251117000100,14:30
20251117000114,15:18
20251117000137,15:53
20251117000192,16:53
20251118000073,12:08
20251118000162,15:56
20251118000194,16:10
20251119000029,10:40
20251119000080,12:03
20251120000095,11:15
20251120000261,14:28
20251120000377,15:28
20251120000540,17:12
20251120800712,17:22
20251121000141,14:01
20251124000060,11:32
20251124000071,12:06
20251124000086,13:38
20251125000324,14:05
20251126000175,11:32
20251126000334,14:30
20251126000354,14:47
20251126000481,16:12
20251126000554,16:38
20251126800583,16:33
20251127000769,15:29
20251127000897,15:50
20251127000963,16:11
20251128001108,14:15
20251128001765,16:11
20251128002094,17:16
20251201000387,14:11
20251201000546,16:06
20251201000658,16:40
20251201000787,18:02
20251204000145,12:03
20251205000031,09:40
20251205000285,15:24
20251208000067,11:40
20251208000199,15:06
20251208000200,15:02
20251209000158,14:30
20251209000281,16:03
20251210000169,13:46
20251210000284,15:37
20251210000369,16:10
20251210000510,17:19
20251210800212,14:21
20251211000053,10:04
20251211000129,13:58
20251211000205,14:41
20251211000347,16:17
20251211800338,14:42
20251212000073,10:21
20251212000344,15:52
20251212000506,17:19
20251215000162,14:14
20251215000254,16:21
20251215000448,17:31
20251215000462,17:56
20251215000475,17:58
20251216000139,13:50
20251216000240,14:55
20251216000367,16:25
20251217000513,17:18
20251218000269,15:30
20251222000138,14:40
20251222000254,15:47
20251223000193,11:15
20251224000122,10:13
20251224000160,10:40
20251224000399,14:23
20251224000560,16:10
20251224800369,14:29
20251226000069,10:17
20251226000130,11:13
20251230000363,14:24
20251230000493,15:35
20251230000502,15:37
20251230000510,15:40
20251230000675,16:50
20260102000296,16:43
20260102000357,16:56
20260105000037,11:20
20260106000304,14:43
20260106000558,16:59
20260107000552,16:15
20260107000715,17:47
20260108000200,13:47
20260109000030,11:31
20260109000149,11:32
20260109000294,14:19
20260109000414,15:21
20260109000415,15:16
20260109000437,15:36
20260109000635,17:10
20260109000643,17:39
20260114000081,11:42
20260115000061,11:29
20260115000102,13:59
20260115000108,14:21
20260115000181,15:36
20260115000365,17:31
20260115000371,17:31
20260115000378,17:31
20260115000385,17:31
20260120000025,10:48
20260120000026,10:40
20260120000101,14:10
20260120000325,17:21
20260121000129,10:53
20260121000306,14:47
20260121000334,15:38
20260121000479,17:20
20260123000189,13:58
20260123000355,15:56
20260126000516,17:39
20260127000105,13:20
20260127000237,15:30
20260127000392,17:04
20260128000110,10:49
20260128000189,13:50
20260128000192,13:37
20260129000003,07:38
20260129000169,10:32
20260129000256,13:12
20260129000336,14:08
20260129000359,14:08
20260129000505,15:05
20260129000612,16:23
20260129800386,14:16
20260130000346,14:45
20260130000357,14:51
20260130000409,15:22
20260130000650,17:19
20260130000685,17:20
20260202000030,09:40
20260202000802,15:43
20260203000230,14:44
20260203000397,16:50
20260203000406,16:54
20260204000307,15:37
20260209000141,11:19
20260209000267,14:03
20260209000388,15:23
20260209000391,15:24
20260209000400,15:31
20260209000461,16:15
20260209000553,16:47
20260209000564,16:49
20260209800678,14:05
20260209800992,15:34
20260210000397,13:52
20260210000634,15:48
20260210000733,16:09
20260210000941,18:00
20260210801366,18:02
20260211000382,13:09
20260211000385,13:19
20260211000412,13:29
20260211000644,15:11
20260211000707,15:34
20260211001001,17:19
20260211001074,17:33
20260211001124,17:51
20260211800413,13:15
20260211800434,13:25
20260212000904,15:00
20260212001232,16:10
20260212001645,17:41
20260219001590,14:45
20260219002328,16:22
20260220000002,07:42
20260220000779,12:10
20260220000866,13:29
20260220001730,15:41
20260220002155,16:49
20260220002338,17:11
20260220800948,16:51
20260223000557,10:24
20260223001863,14:17
20260223003068,16:17
20260223003876,17:14
20260224000045,08:57
20260224001091,11:24
20260224001337,12:18
20260224003170,16:18
20260225003990,16:01
20260303000183,09:18
20260303002735,16:45
20260303003129,17:39
20260305000578,13:22
20260305000652,14:04
20260305001020,15:44
20260305901096,15:44
20260306000004,08:07
20260310002577,15:34
20260310002972,17:21
20260312000816,16:33
20260312000961,16:29
20260312001082,17:01
20260312001101,17:04
20260312801544,16:34
20260316001137,17:02
20260317000306,11:46
20260317000484,14:57
20260317000632,16:13
20260317000694,16:36
20260317000828,17:29
20260318001062,16:58
20260318001220,17:19
20260318001453,18:26
20260323000943,16:38
20260323001098,16:34
20260324000240,11:31
20260324000334,13:28
20260324000361,14:30
20260324000362,14:30
20260324000410,14:23
20260325001241,17:41
20260326001146,16:49
20260326001479,18:29
20260330001327,16:21
20260330001501,16:39
20260330001737,17:31
20260331004988,19:02
20260402002903,16:07
20260407002668,15:46
20260407002987,16:26
20260408002906,16:23
20260408002907,17:01
20260409002116,15:32
20260409002298,16:05
20260413002360,16:04
20260413002501,16:37
20260413002731,17:09
20260413003122,17:53
20260414001763,14:50
20260414002279,16:10
20260414002600,17:32
20260415000243,13:51
20260415000471,16:23
20260415000481,16:27
20260415000589,17:01
20260417000598,16:54
20260421000257,14:53
20260421000306,15:33
20260421000337,15:59
20260423000276,14:06
20260423000431,15:40
20260424000404,14:31
20260424000517,15:33
20260424000778,17:23
20260427000109,11:08
20260427000310,13:38
20260428000299,13:32
20260428000715,17:16
20260429000178,10:30
20260429000458,13:57
20260430001247,15:32
20260430001425,16:21
20260430001753,17:03
20260504000041,09:56
20260504800253,10:09
20260507000721,17:10
20260508000081,10:00
20260508000493,15:32
20260508000573,15:50
20260508000893,16:44
20260511000268,13:54
20260511000704,17:39
20260512000176,11:03
20260512000563,16:08
20260512000587,16:26
20260512000693,17:34
20260514000563,14:18
20260514000710,15:13
20260514001204,16:32
20260518000051,10:32
20260518000158,13:49
20260518000190,14:26
20260518000214,15:20
20260518000267,15:51
20260518000293,16:13
20260519000174,16:02
20260519000241,17:00
20260519000290,17:36
20260520000175,14:28
20260520000269,16:10
20260520000306,16:53
20260521000061,11:09
20260521000136,12:12
20260521000710,17:22
20260526000118,11:10
20260526000181,13:37
20260526000279,15:15
20260526000333,16:08
20260526000409,16:49
20260527000261,14:53
20260527000416,16:13
20260527000501,16:59
20260528000311,13:24
20260528000480,14:30
20260528000521,14:54
20260528000528,15:29
20260601001298,15:42
20260601001721,16:33
20260601001757,16:54
20260602000280,15:47
20260602000317,16:06
20260602000537,17:56
20260604000053,10:36
20260604000139,12:46
20260604000344,15:47
20260604000393,15:46
20260604000548,16:51
20260604000650,18:04
20260605000594,17:07
20260608000061,11:12
20260608000094,11:55
20260608000199,15:11
20260608000243,15:42
20260608000267,16:15
20260609000068,10:20
20260609000097,11:01
20260609000108,11:13
20260609000231,14:18
20260609000237,14:37
20260609000334,15:42
20260609000374,16:15
20260609000403,16:23
20260609000407,16:24
20260609000457,17:00
20260609000507,17:21
20260609800642,16:31
20260610000076,10:39
20260610000089,11:05
20260610000162,11:27
20260610000207,13:18
20260610000233,14:16
20260610000263,14:38
20260610000270,14:25
20260610000289,14:56
20260610000346,15:27
20260610000366,15:41
20260610000371,15:44
20260610000379,15:38
20260610000461,16:30
20260610000585,17:02
20260610000586,17:19
20260611000124,10:23
20260611000182,11:13
20260611000219,12:10
20260611000256,13:47
20260611000290,14:01
20260611000295,14:13
20260611000319,14:25
20260611000338,14:28
20260611000364,15:36
20260611000448,15:50
20260611000454,15:43
20260611000479,15:51
20260611000550,16:38
20260611000681,18:02
20260612000542,16:30
20260612000592,17:15
20260612000606,17:06
20260612000628,17:24
20260615000119,14:13
20260615000137,14:40
20260615000145,14:24
20260615000211,15:54
20260615000212,15:57
20260615000213,15:40
20260615000433,17:47
20260616000124,14:34
20260616000133,15:23
20260616000189,15:43
20260616000207,15:37
20260616000253,16:13
20260617000461,16:57
20260617000479,17:27
20260618000072,10:53
20260618000129,13:37
20260619000191,13:11
20260619000203,13:29
20260619000219,13:51
20260619000638,17:12
20260622000092,11:41
20260622000094,11:46
20260622000157,14:28
20260622000224,15:33
20260622000233,15:38
20260622000235,15:59
20260622000237,15:42
20260622000324,16:52
20260623000051,10:36
20260623000084,11:50
20260623000139,13:50
20260623000188,14:29
20260624000047,10:23
20260624000088,11:12
20260624000124,13:12
20260624000152,13:50
20260624000155,14:12
20260624000185,14:23
20260624000190,15:13
20260624000191,14:24
20260624000194,14:37
20260624000198,14:48
20260624000220,14:52
20260624000284,15:52
20260624000318,15:56
20260624000372,16:16
20260624000491,17:58
