id,receipt_no,corp_code,corp_name,stock_code,report_name,event_date,market,t0_close,t+1_close,t+2_close,t+5_close,ret_1d,ret_2d,ret_5d,error,disclosure_id,contract_value_krw,prior_year_revenue_krw,contract_to_revenue_ratio,validation_status
106864,20260305800836,1390344,HD현대중공업,329180,단일판매ㆍ공급계약체결,2026-03-05,KOSPI,559000.0,554000.0,576000.0,604000.0,-0.0089445438282647,0.0304114490161002,0.0805008944543828,,106864,1487200000000.0,14486500000000,0.1027,ok
14329,20260508800180,1390344,HD현대중공업,329180,단일판매ㆍ공급계약체결,2026-05-08,KOSPI,658000.0,685000.0,707000.0,640000.0,0.0410334346504559,0.074468085106383,-0.0273556231003039,,14329,1778700000000.0,17580600000000,0.1012,ok
106858,20260305800849,164830,HD한국조선해양,009540,단일판매ㆍ공급계약체결(자회사의 주요경영사항),2026-03-05,KOSPI,407000.0,402000.0,400000.0,425000.0,-0.0122850122850123,-0.0171990171990171,0.0442260442260442,,106858,1487200000000.0,14486500000000,0.1027,ok
43548,20260408800703,164830,HD한국조선해양,009540,단일판매ㆍ공급계약체결(자회사의 주요경영사항),2026-04-08,KOSPI,389500.0,391000.0,394000.0,401500.0,0.0038510911424902,0.011553273427471,0.030808729139923,,43548,770200000000.0,8071400000000,0.09539999999999998,ok
14324,20260508800186,164830,HD한국조선해양,009540,단일판매ㆍ공급계약체결(자회사의 주요경영사항),2026-05-08,KOSPI,452000.0,474000.0,464500.0,416000.0,0.0486725663716813,0.0276548672566372,-0.079646017699115,,14324,1778700000000.0,17580600000000,0.1012,ok
11709,20260513800195,164830,HD한국조선해양,009540,단일판매ㆍ공급계약체결(자회사의 주요경영사항),2026-05-13,KOSPI,460500.0,437500.0,416000.0,399000.0,-0.0499457111834962,-0.0966340933767644,-0.1335504885993484,,11709,748500000000.0,8071400000000,0.09269999999999999,ok
4244,20260521800360,164830,HD한국조선해양,009540,단일판매ㆍ공급계약체결(자회사의 주요경영사항),2026-05-21,KOSPI,415000.0,421000.0,445000.0,423000.0,0.0144578313253012,0.072289156626506,0.0192771084337348,,4244,1078200000000.0,8071400000000,0.1336,ok
111844,20260227800403,197759,미래산업,025560,단일판매ㆍ공급계약체결,2026-02-27,KOSPI,14830.0,14400.0,12070.0,12820.0,-0.0289952798381658,-0.1861092380310182,-0.1355360755225894,,111844,3303486480.0,27041833124,0.1222,ok
99012,20260312800389,197759,미래산업,025560,단일판매ㆍ공급계약체결,2026-03-12,KOSPI,13710.0,13640.0,13310.0,13120.0,-0.0051057622173595,-0.0291757840991976,-0.0430342815463166,,99012,6192006000.0,27041833124,0.22899999999999998,ok
92620,20260317800454,197759,미래산업,025560,단일판매ㆍ공급계약체결,2026-03-17,KOSPI,13540.0,13620.0,13120.0,13520.0,0.0059084194977843,-0.0310192023633677,-0.001477104874446,,92620,2240400000.0,27041833124,0.0828,ok
87738,20260320800516,197759,미래산업,025560,단일판매ㆍ공급계약체결,2026-03-20,KOSPI,13700.0,13130.0,13520.0,13470.0,-0.0416058394160584,-0.0131386861313869,-0.0167883211678832,,87738,3846730500.0,27041833124,0.1423,ok
10978,20260513801200,197759,미래산업,025560,단일판매ㆍ공급계약체결,2026-05-13,KOSPI,21850.0,21700.0,19210.0,26600.0,-0.0068649885583523,-0.1208237986270023,0.2173913043478261,,10978,7993676400.0,50777866585,0.1574,ok
110251,20260227801544,115612,동부건설,005960,단일판매ㆍ공급계약체결,2026-02-27,KOSPI,9120.0,8880.0,7900.0,7490.0,-0.0263157894736841,-0.1337719298245614,-0.1787280701754385,,110251,218923288486.0,1688369156822,0.1297,ok
17925,20260430800717,115612,동부건설,005960,단일판매ㆍ공급계약체결,2026-04-30,KOSPI,9630.0,9540.0,9730.0,8760.0,-0.0093457943925233,0.0103842159916927,-0.0903426791277258,,17925,334138516000.0,1758625710036,0.19,ok
37519,20260410800253,633835,HJ중공업,097230,단일판매ㆍ공급계약체결,2026-04-10,KOSPI,25900.0,26000.0,27700.0,28550.0,0.0038610038610038,0.0694980694980695,0.1023166023166022,,37519,349662914726.0,1999705307561,0.17489999999999997,ok
22044,20260427800078,633835,HJ중공업,097230,단일판매ㆍ공급계약체결,2026-04-27,KOSPI,31000.0,30300.0,30450.0,27850.0,-0.0225806451612903,-0.0177419354838709,-0.1016129032258064,,22044,357198303440.0,1999705307561,0.17859999999999998,ok
109917,20260227802015,1524093,DL이앤씨,375500,단일판매ㆍ공급계약체결,2026-02-27,KOSPI,51100.0,49000.0,41650.0,43350.0,-0.0410958904109589,-0.184931506849315,-0.1516634050880626,,109917,1758398000000.0,8318442435057,0.2114,ok
109910,20260227802113,109693,DL,000210,단일판매ㆍ공급계약체결(자회사의 주요경영사항),2026-02-27,KOSPI,51700.0,48300.0,40150.0,41000.0,-0.0657640232108317,-0.2234042553191489,-0.2069632495164409,,109910,1758398000000.0,8318442435057,0.2114,ok
112546,20260227900164,688358,하이즈항공,221840,단일판매ㆍ공급계약체결,2026-02-27,KOSDAQ,2770.0,2725.0,2310.0,2495.0,-0.0162454873646209,-0.1660649819494585,-0.0992779783393501,,112546,9968628888.0,86545570784,0.1152,ok
112426,20260227900209,1344363,다원넥스뷰,323350,단일판매ㆍ공급계약체결,2026-02-27,KOSDAQ,14600.0,14930.0,11500.0,11730.0,0.0226027397260273,-0.2123287671232876,-0.1965753424657534,,112426,4168000000.0,18702143953,0.2229,ok
14177,20260508900370,1344363,다원넥스뷰,323350,단일판매ㆍ공급계약체결,2026-05-08,KOSDAQ,22350.0,22900.0,22350.0,25800.0,0.0246085011185681,0.0,0.1543624161073826,,14177,11462000000.0,26936831479,0.4255,ok
111429,20260227900615,308896,셀피글로벌,068940,단일판매ㆍ공급계약체결,2026-02-27,KOSDAQ,778.0,778.0,778.0,778.0,0.0,0.0,0.0,,111429,5374425782.0,33712530431,0.1594,ok
111271,20260227900664,624378,마이크로투나노,424980,단일판매ㆍ공급계약체결,2026-02-27,KOSDAQ,13690.0,12430.0,10680.0,11650.0,-0.0920379839298758,-0.2198685171658144,-0.1490138787436085,,111271,2037000000.0,10151471769,0.2007,ok
111130,20260227900765,896753,에코글로우,159910,단일판매ㆍ공급계약체결,2026-02-27,KOSDAQ,3125.0,2985.0,2895.0,3080.0,-0.0447999999999999,-0.0736,-0.0143999999999999,,111130,3000000000.0,14522098832,0.2066,ok
110947,20260227901032,1307593,에이아이코리아,364950,단일판매ㆍ공급계약체결,2026-02-27,KOSDAQ,6600.0,6510.0,5530.0,5460.0,-0.0136363636363636,-0.1621212121212121,-0.1727272727272727,,110947,13158965318.0,114555344263,0.1149,ok
70536,20260331801643,102432,계룡건설산업,013580,단일판매ㆍ공급계약체결,2026-03-31,KOSPI,25100.0,26750.0,24600.0,25200.0,0.0657370517928286,-0.0199203187250995,0.0039840637450199,,70536,369082048000.0,3127054733663,0.11800000000000001,ok
2524,20260526800355,102432,계룡건설산업,013580,단일판매ㆍ공급계약체결,2026-05-26,KOSPI,22350.0,21550.0,21100.0,20350.0,-0.0357941834451901,-0.0559284116331095,-0.0894854586129754,,2524,324258500000.0,2887440609690,0.11230000000000001,ok
109548,20260303900146,765569,기가비스,420770,단일판매ㆍ공급계약체결,2026-03-03,KOSDAQ,73000.0,64700.0,71300.0,74000.0,-0.1136986301369863,-0.0232876712328766,0.0136986301369863,,109548,10911670000.0,26133336219,0.4175,ok
22649,20260424900333,765569,기가비스,420770,단일판매ㆍ공급계약체결,2026-04-24,KOSDAQ,100200.0,100900.0,105300.0,109500.0,0.0069860279441118,0.0508982035928142,0.0928143712574849,,22649,9035000000.0,52434995936,0.1723,ok
109464,20260303900210,580056,스맥,099440,단일판매ㆍ공급계약체결,2026-03-03,KOSDAQ,5550.0,4805.0,5650.0,5410.0,-0.1342342342342342,0.018018018018018,-0.0252252252252251,,109464,22071172000.0,201298944290,0.1096,ok
109339,20260303900298,231707,비트컴퓨터,032850,단일판매ㆍ공급계약체결,2026-03-03,KOSDAQ,5400.0,5030.0,5230.0,5100.0,-0.0685185185185185,-0.0314814814814814,-0.0555555555555555,,109339,6290037600.0,37074736160,0.1697,ok
109323,20260303900321,1211232,코윈테크,282880,단일판매ㆍ공급계약체결(자율공시),2026-03-03,KOSDAQ,15780.0,13370.0,14730.0,14810.0,-0.1527249683143219,-0.0665399239543725,-0.0614702154626108,,109323,20400000000.0,244389953265,0.08349999999999999,ok
109229,20260303900460,1787355,나라스페이스테크놀로지,478340,단일판매ㆍ공급계약체결,2026-03-03,KOSDAQ,43300.0,34100.0,40100.0,40250.0,-0.2124711316397228,-0.0739030023094687,-0.0704387990762124,,109229,945795227.0,4299000437,0.22,ok
36298,20260410900481,1787355,나라스페이스테크놀로지,478340,단일판매ㆍ공급계약체결,2026-04-10,KOSDAQ,33000.0,35250.0,38650.0,38350.0,0.0681818181818181,0.1712121212121211,0.1621212121212121,,36298,2932749745.0,13236859805,0.2216,ok
32804,20260413900369,1787355,나라스페이스테크놀로지,478340,단일판매ㆍ공급계약체결,2026-04-13,KOSDAQ,35250.0,38650.0,37800.0,37600.0,0.0964539007092197,0.0723404255319148,0.0666666666666666,,32804,1975395455.0,13236859805,0.1492,ok
77151,20260327801491,159500,한국종합기술,023350,단일판매ㆍ공급계약체결,2026-03-27,KOSPI,4690.0,4670.0,4595.0,4675.0,-0.0042643923240938,-0.0202558635394456,-0.0031982942430703,,77151,50850000000.0,398913378204,0.1275,ok
108446,20260304900261,479787,인텍플러스,064290,단일판매ㆍ공급계약체결,2026-03-04,KOSDAQ,14220.0,15420.0,15380.0,15160.0,0.0843881856540085,0.0815752461322081,0.0661040787623066,,108446,9632969400.0,83873419602,0.115,ok
108363,20260304900429,1594791,나우로보틱스,459510,단일판매ㆍ공급계약체결,2026-03-04,KOSDAQ,20300.0,22400.0,23250.0,24200.0,0.1034482758620689,0.1453201970443349,0.1921182266009853,,108363,3700000000.0,12059591829,0.3068,ok
108189,20260304900716,1587056,엔젯,419080,단일판매ㆍ공급계약체결,2026-03-04,KOSDAQ,5060.0,5760.0,5740.0,5490.0,0.1383399209486167,0.134387351778656,0.0849802371541501,,108189,3119385000.0,6259950733,0.49829999999999997,ok
28868,20260414900766,1587056,엔젯,419080,단일판매ㆍ공급계약체결(자율공시),2026-04-14,KOSDAQ,5290.0,5350.0,5800.0,5870.0,0.0113421550094519,0.0964083175803403,0.1096408317580339,,28868,525600000.0,5414590946,0.09699999999999999,ok
108078,20260304900875,1109539,와이씨,232140,단일판매ㆍ공급계약체결,2026-03-04,KOSDAQ,17700.0,20600.0,22100.0,20600.0,0.1638418079096044,0.2485875706214688,0.1638418079096044,,108078,40300000000.0,211241210832,0.19079999999999997,ok
33640,20260413900196,1109539,와이씨,232140,단일판매ㆍ공급계약체결,2026-04-13,KOSDAQ,19290.0,19580.0,19990.0,20500.0,0.0150336962156558,0.0362882322446864,0.0627268014515292,,33640,42160000000.0,272629978227,0.15460000000000002,ok
107896,20260304901110,611736,엑시콘,092870,단일판매ㆍ공급계약체결,2026-03-04,KOSDAQ,24500.0,30400.0,30850.0,30200.0,0.2408163265306122,0.2591836734693877,0.2326530612244897,,107896,30200000000.0,31611346967,0.955,ok
15906,20260506900318,611736,엑시콘,092870,단일판매ㆍ공급계약체결,2026-05-06,KOSDAQ,40750.0,38050.0,37550.0,33650.0,-0.0662576687116563,-0.0785276073619631,-0.1742331288343558,,15906,9686300000.0,66026746277,0.147,ok
63085,20260401801018,107066,남광토건,001260,단일판매ㆍ공급계약체결,2026-04-01,KOSPI,8980.0,8600.0,8510.0,9560.0,-0.0423162583518931,-0.0523385300668151,0.064587973273942,,63085,47161798000.0,357445671453,0.1319,ok
24763,20260422800040,107066,남광토건,001260,단일판매ㆍ공급계약체결,2026-04-22,KOSPI,9680.0,9510.0,9740.0,10020.0,-0.0175619834710744,0.006198347107438,0.0351239669421488,,24763,68249882421.0,357445671453,0.1909,ok
58809,20260402800820,174527,HS화성,002460,단일판매ㆍ공급계약체결,2026-04-02,KOSPI,11410.0,11650.0,11710.0,12420.0,0.0210341805433829,0.0262927256792286,0.08851884312007,,58809,134623856000.0,659478953752,0.204,ok
47489,20260407800367,174527,HS화성,002460,단일판매ㆍ공급계약체결,2026-04-07,KOSPI,12030.0,12630.0,12420.0,13110.0,0.0498753117206982,0.0324189526184539,0.0897755610972568,,47489,211459394927.0,659478953752,0.321,ok
106669,20260305900919,1099861,에이텍모빌리티,224110,단일판매ㆍ공급계약체결(자율공시),2026-03-05,KOSDAQ,8980.0,9160.0,8710.0,8800.0,0.0200445434298441,-0.0300668151447661,-0.020044543429844,,106669,9185450000.0,104182493058,0.0882,ok
106301,20260305901448,1037542,NPX,222160,단일판매ㆍ공급계약체결,2026-03-05,KOSDAQ,8040.0,8040.0,8040.0,8040.0,0.0,0.0,0.0,,106301,4740000000.0,8293471882,0.5715,ok
27057,20260416900651,1037542,NPX,222160,단일판매ㆍ공급계약체결,2026-04-16,KOSDAQ,8040.0,8040.0,8040.0,8040.0,0.0,0.0,0.0,,27057,427199000.0,3647598567,0.11699999999999999,ok
90460,20260318901772,1593668,센서뷰,321370,단일판매ㆍ공급계약체결(자율공시),2026-03-18,KOSDAQ,4127.0,4184.0,3931.0,3947.0,0.0138114853404409,-0.0474921250302883,-0.0436152168645505,,90460,1400832000.0,15601876294,0.0898,ok
89777,20260319900138,1593668,센서뷰,321370,단일판매ㆍ공급계약체결,2026-03-19,KOSDAQ,4184.0,3931.0,3596.0,3627.0,-0.0604684512428298,-0.1405353728489483,-0.1331261950286807,,89777,2494350000.0,15601876294,0.15990000000000001,ok
72666,20260331900399,1593668,센서뷰,321370,단일판매ㆍ공급계약체결,2026-03-31,KOSDAQ,3236.0,3766.0,3421.0,2844.0,0.1637824474660074,0.0571693448702101,-0.1211372064276885,,72666,1778651136.0,15601876294,0.114,ok
2604,20260526900269,1593668,센서뷰,321370,단일판매ㆍ공급계약체결,2026-05-26,KOSDAQ,3975.0,3565.0,3370.0,2520.0,-0.1031446540880502,-0.1522012578616352,-0.3660377358490566,,2604,3148800000.0,19015844360,0.1656,ok
106224,20260305901563,583026,멤레이비티,072770,단일판매ㆍ공급계약체결,2026-03-05,KOSDAQ,1576.0,1616.0,1514.0,1550.0,0.0253807106598984,-0.0393401015228426,-0.0164974619289339,,106224,18636000000.0,130144952679,0.1432,ok
43517,20260408800730,1205709,HD현대,267250,단일판매ㆍ공급계약체결(자회사의 주요경영사항),2026-04-08,KOSPI,251000.0,254500.0,252000.0,255000.0,0.0139442231075697,0.0039840637450199,0.0159362549800796,,43517,770200000000.0,8071400000000,0.09539999999999998,ok
11704,20260513800206,1205709,HD현대,267250,단일판매ㆍ공급계약체결(자회사의 주요경영사항),2026-05-13,KOSPI,298500.0,279000.0,269500.0,259000.0,-0.0653266331658291,-0.0971524288107202,-0.1323283082077052,,11704,748500000000.0,8071400000000,0.09269999999999999,ok
4242,20260521800367,1205709,HD현대,267250,단일판매ㆍ공급계약체결(자회사의 주요경영사항),2026-05-21,KOSPI,277500.0,282000.0,289500.0,277500.0,0.0162162162162162,0.0432432432432432,0.0,,4242,1078200000000.0,8071400000000,0.1336,ok
105572,20260306900451,1472930,오브젠,417860,단일판매ㆍ공급계약체결,2026-03-06,KOSDAQ,9490.0,8540.0,8520.0,9200.0,-0.1001053740779768,-0.1022128556375131,-0.030558482613277,,105572,1968088182.0,15201656072,0.1295,ok
105313,20260306900745,1764099,링크솔루션,474650,단일판매ㆍ공급계약체결,2026-03-06,KOSDAQ,74500.0,67600.0,69400.0,65500.0,-0.0926174496644295,-0.0684563758389261,-0.1208053691275168,,105313,4703181818.0,11187804975,0.4204,ok
104554,20260306901749,136165,스페코,013810,단일판매ㆍ공급계약체결,2026-03-06,KOSDAQ,2995.0,2865.0,2765.0,2790.0,-0.0434056761268781,-0.0767946577629382,-0.0684474123539231,,104554,4609506110.0,27191519908,0.16949999999999998,ok
104240,20260309900407,991191,앱클론,174900,단일판매ㆍ공급계약체결,2026-03-09,KOSDAQ,63100.0,71500.0,73000.0,88500.0,0.1331220285261489,0.1568938193343898,0.4025356576862124,,104240,778391818.0,2339823669,0.33299999999999996,ok
46147,20260407900774,991191,앱클론,174900,단일판매ㆍ공급계약체결(자율공시),2026-04-07,KOSDAQ,50900.0,53500.0,50700.0,50700.0,0.0510805500982318,-0.0039292730844793,-0.0039292730844793,,46147,396275455.0,4714084167,0.084,ok
4293,20260521900276,991191,앱클론,174900,단일판매ㆍ공급계약체결(자율공시),2026-05-21,KOSDAQ,39700.0,40550.0,42150.0,37550.0,0.021410579345088,0.0617128463476071,-0.0541561712846347,,4293,424056300.0,4714084167,0.09,ok
104224,20260309900413,530556,예스티,122640,단일판매ㆍ공급계약체결(자율공시),2026-03-09,KOSDAQ,21900.0,23400.0,24000.0,25150.0,0.0684931506849315,0.095890410958904,0.1484018264840183,,104224,8417820000.0,100095115191,0.08410000000000001,ok
2599,20260526900275,530556,예스티,122640,단일판매ㆍ공급계약체결(자율공시),2026-05-26,KOSDAQ,32100.0,30000.0,28000.0,25350.0,-0.0654205607476635,-0.1277258566978193,-0.2102803738317756,,2599,8275457556.0,87055847267,0.0951,ok
104042,20260309900645,807397,코이즈,121850,단일판매ㆍ공급계약체결(자율공시),2026-03-09,KOSDAQ,2180.0,2250.0,2355.0,2355.0,0.0321100917431191,0.0802752293577981,0.0802752293577981,,104042,1693827605.0,20734142258,0.0817,ok
103611,20260309901166,346407,크레오에스지,040350,단일판매ㆍ공급계약체결,2026-03-09,KOSDAQ,3595.0,3660.0,3560.0,3065.0,0.0180806675938804,-0.0097357440890125,-0.1474269819193324,,103611,1459440000.0,8157056644,0.1789,ok
81557,20260325901318,346407,크레오에스지,040350,단일판매ㆍ공급계약체결,2026-03-25,KOSDAQ,3900.0,4000.0,4000.0,3550.0,0.0256410256410255,0.0256410256410255,-0.0897435897435897,,81557,1520000000.0,8157056644,0.1863,ok
3282,20260522900344,346407,크레오에스지,040350,단일판매ㆍ공급계약체결,2026-05-22,KOSDAQ,4605.0,4435.0,4030.0,6130.0,-0.0369163952225841,-0.1248642779587405,0.3311617806731812,,3282,1990000000.0,10861107272,0.1832,ok
103203,20260310800257,131939,선도전기,007610,단일판매ㆍ공급계약체결,2026-03-10,KOSPI,3000.0,3000.0,3000.0,3000.0,0.0,0.0,0.0,,103203,2493860000.0,23984030522,0.1039,ok
89732,20260319800230,131939,선도전기,007610,단일판매ㆍ공급계약체결,2026-03-19,KOSPI,3000.0,3000.0,3000.0,3000.0,0.0,0.0,0.0,,89732,2604500000.0,23984030522,0.10859999999999999,ok
103012,20260310800515,1261893,케이씨텍,281820,단일판매ㆍ공급계약체결,2026-03-10,KOSPI,45600.0,44550.0,44350.0,47050.0,-0.0230263157894736,-0.0274122807017543,0.0317982456140351,,103012,69843180000.0,385433971366,0.1812,ok
5923,20260518800216,126478,삼성중공업,010140,단일판매ㆍ공급계약체결,2026-05-18,KOSPI,29550.0,28550.0,27650.0,30450.0,-0.0338409475465313,-0.0642978003384094,0.0304568527918782,,5923,1124200000000.0,10650000000000,0.106,ok
102721,20260310800724,116824,동아쏘시오홀딩스,000640,단일판매ㆍ공급계약체결(자회사의 주요경영사항),2026-03-10,KOSPI,104600.0,105700.0,104300.0,104000.0,0.0105162523900572,-0.0028680688336519,-0.0057361376673039,,102721,7068000000.0,58863780570,0.12,ok
95163,20260316800224,116824,동아쏘시오홀딩스,000640,단일판매ㆍ공급계약체결(자회사의 주요경영사항),2026-03-16,KOSPI,103000.0,104000.0,103900.0,99400.0,0.0097087378640776,0.0087378640776698,-0.0349514563106796,,95163,6640000000.0,58863780570,0.1128,ok
94508,20260316801066,116824,동아쏘시오홀딩스,000640,단일판매ㆍ공급계약체결(자회사의 주요경영사항),2026-03-16,KOSPI,103000.0,104000.0,103900.0,99400.0,0.0097087378640776,0.0087378640776698,-0.0349514563106796,,94508,89784403800.0,273751342840,0.32799999999999996,ok
103164,20260310900294,1194607,비츠로넥스텍,488900,단일판매ㆍ공급계약체결,2026-03-10,KOSDAQ,17530.0,17840.0,17440.0,17420.0,0.0176839703365658,-0.0051340559041642,-0.0062749572162007,,103164,4527345450.0,30375898845,0.149,ok
103162,20260310900319,103644,비츠로테크,042370,단일판매ㆍ공급계약체결(자회사의 주요경영사항),2026-03-10,KOSDAQ,9890.0,10460.0,10730.0,10820.0,0.0576339737108189,0.0849342770475227,0.0940343781597572,,103162,4527345450.0,30375898845,0.149,ok
103150,20260310900321,1810477,노타,486990,단일판매ㆍ공급계약체결,2026-03-10,KOSDAQ,33700.0,37300.0,44450.0,45150.0,0.1068249258160236,0.3189910979228487,0.3397626112759644,,103150,1070600000.0,8437471458,0.12689999999999999,ok
38209,20260410900162,624509,디바이스,187870,단일판매ㆍ공급계약체결(자율공시),2026-04-10,KOSDAQ,14160.0,15081.0,14825.0,19017.0,0.0650423728813558,0.046963276836158,0.3430084745762711,,38209,6952000000.0,84082993642,0.0827,ok
563,20260527900259,624509,디바이스,187870,단일판매ㆍ공급계약체결,2026-05-27,KOSDAQ,25700.0,24950.0,25950.0,23950.0,-0.0291828793774319,0.0097276264591439,-0.0680933852140077,,563,26361686000.0,84082993642,0.3135,ok
103031,20260310900445,925587,위드텍,348350,단일판매ㆍ공급계약체결(자율공시),2026-03-10,KOSDAQ,9780.0,9800.0,9980.0,10160.0,0.0020449897750511,0.0204498977505112,0.0388548057259714,,103031,3681000000.0,43615814810,0.08439999999999999,ok
102863,20260310900617,524421,테스,095610,단일판매ㆍ공급계약체결(자율공시),2026-03-10,KOSDAQ,68800.0,66500.0,64600.0,65200.0,-0.0334302325581394,-0.0610465116279069,-0.0523255813953488,,102863,19902000000.0,240077826420,0.08289999999999999,ok
97129,20260313900104,524421,테스,095610,단일판매ㆍ공급계약체결,2026-03-13,KOSDAQ,65300.0,66100.0,65200.0,65800.0,0.0122511485451761,-0.001531393568147,0.0076569678407349,,97129,48500000000.0,240077826420,0.20199999999999999,ok
102715,20260310900808,957373,펨트론,168360,단일판매ㆍ공급계약체결(자율공시),2026-03-10,KOSDAQ,22950.0,23300.0,23650.0,21600.0,0.0152505446623094,0.0305010893246187,-0.0588235294117647,,102715,5273629200.0,57004658240,0.0925,ok
102667,20260310900877,1139035,티에스아이,277880,단일판매ㆍ공급계약체결,2026-03-10,KOSDAQ,5270.0,5350.0,5400.0,4785.0,0.0151802656546489,0.0246679316888045,-0.0920303605313093,,102667,29195100000.0,271986540655,0.1073,ok
102107,20260310901555,1957282,테라뷰,950250,단일판매ㆍ공급계약체결,2026-03-10,KOSDAQ,6370.0,6650.0,8640.0,8700.0,0.043956043956044,0.3563579277864992,0.3657770800627944,,102107,1373652000.0,7581489507,0.1812,ok
24359,20260422800538,117188,효성,004800,단일판매ㆍ공급계약체결(자회사의 주요경영사항),2026-04-22,KOSPI,160000.0,163900.0,171000.0,224500.0,0.024375,0.06875,0.4031249999999999,,24359,72000000.0,461606000,0.156,ok
22388,20260424800693,117188,효성,004800,단일판매ㆍ공급계약체결(자회사의 주요경영사항),2026-04-24,KOSPI,171000.0,204500.0,227000.0,221000.0,0.195906432748538,0.327485380116959,0.2923976608187135,,22388,72000000.0,461606000,0.156,ok
101382,20260311900238,409788,비에이치아이,083650,단일판매ㆍ공급계약체결,2026-03-11,KOSDAQ,100400.0,99700.0,103600.0,105600.0,-0.0069721115537848,0.0318725099601593,0.0517928286852589,,101382,56576139200.0,404741038609,0.14,ok
100892,20260311900793,363246,우원개발,046940,단일판매ㆍ공급계약체결,2026-03-11,KOSDAQ,4515.0,4595.0,4765.0,4530.0,0.0177187153931339,0.0553709856035438,0.0033222591362125,,100892,63461000000.0,302842776436,0.2095,ok
15893,20260506900336,363246,우원개발,046940,단일판매ㆍ공급계약체결,2026-05-06,KOSDAQ,5900.0,5820.0,5750.0,5300.0,-0.0135593220338983,-0.0254237288135593,-0.1016949152542372,,15893,68395000000.0,376349352125,0.18170000000000003,ok
12425,20260512900292,363246,우원개발,046940,단일판매ㆍ공급계약체결,2026-05-12,KOSDAQ,5500.0,5300.0,5160.0,4270.0,-0.0363636363636363,-0.0618181818181817,-0.2236363636363636,,12425,59764000000.0,376349352125,0.15869999999999998,ok
99319,20260312800070,406046,HD현대마린엔진,071970,단일판매ㆍ공급계약체결,2026-03-12,KOSPI,83500.0,81400.0,79900.0,77600.0,-0.0251497005988023,-0.0431137724550898,-0.0706586826347305,,99319,33454440000.0,315793988713,0.106,ok
82709,20260325800151,406046,HD현대마린엔진,071970,단일판매ㆍ공급계약체결,2026-03-25,KOSPI,77500.0,78800.0,76700.0,71400.0,0.0167741935483871,-0.0103225806451613,-0.0787096774193548,,82709,43167221640.0,315793988713,0.13699999999999998,ok
34595,20260413800060,406046,HD현대마린엔진,071970,단일판매ㆍ공급계약체결,2026-04-13,KOSPI,84600.0,85500.0,85200.0,90400.0,0.0106382978723404,0.0070921985815601,0.0685579196217494,,34595,85880102400.0,402396221904,0.213,ok
28473,20260415800047,406046,HD현대마린엔진,071970,단일판매ㆍ공급계약체결,2026-04-15,KOSPI,85200.0,85500.0,91200.0,97200.0,0.0035211267605634,0.0704225352112675,0.1408450704225352,,28473,40948642800.0,402396221904,0.102,ok
19973,20260429800330,406046,HD현대마린엔진,071970,단일판매ㆍ공급계약체결,2026-04-29,KOSPI,109700.0,105800.0,107100.0,94800.0,-0.0355515041020966,-0.023701002734731,-0.1358249772105743,,19973,106756496640.0,402396221904,0.265,ok
99182,20260312800227,159795,한국카본,017960,단일판매ㆍ공급계약체결,2026-03-12,KOSPI,47800.0,46550.0,45850.0,48350.0,-0.0261506276150628,-0.0407949790794979,0.0115062761506277,,99182,184997184000.0,741740847191,0.249,ok
99260,20260312900127,1023211,와이제이링크,209640,단일판매ㆍ공급계약체결(자율공시),2026-03-12,KOSDAQ,4155.0,4035.0,4000.0,4945.0,-0.0288808664259927,-0.0373044524669073,0.1901323706377857,,99260,4140000000.0,48533636570,0.08529999999999999,ok
99147,20260312900185,1292291,파두,440110,단일판매ㆍ공급계약체결,2026-03-12,KOSDAQ,66600.0,66200.0,69300.0,57000.0,-0.0060060060060059,0.0405405405405405,-0.1441441441441441,,99147,22666392000.0,43502744974,0.521,ok
97019,20260313900181,1292291,파두,440110,단일판매ㆍ공급계약체결,2026-03-13,KOSDAQ,66200.0,69300.0,62700.0,59200.0,0.0468277945619335,-0.052870090634441,-0.1057401812688821,,97019,10075803800.0,43502744974,0.2316,ok
34327,20260413900118,1292291,파두,440110,단일판매ㆍ공급계약체결,2026-04-13,KOSDAQ,57100.0,56800.0,60900.0,58800.0,-0.0052539404553415,0.0665499124343258,0.0297723292469351,,34327,15196086000.0,92419333233,0.16440000000000002,ok
15929,20260506900280,1292291,파두,440110,단일판매ㆍ공급계약체결,2026-05-06,KOSDAQ,78800.0,83800.0,92400.0,100000.0,0.0634517766497462,0.1725888324873097,0.2690355329949239,,15929,50011705000.0,92419333233,0.5411,ok
3407,20260522900209,1292291,파두,440110,단일판매ㆍ공급계약체결,2026-05-22,KOSDAQ,128300.0,116800.0,116900.0,111100.0,-0.0896336710833982,-0.0888542478565861,-0.1340607950116913,,3407,28684300000.0,92419333233,0.3104,ok
98725,20260312900761,1310773,엔시스,333620,단일판매ㆍ공급계약체결,2026-03-12,KOSDAQ,5970.0,6080.0,5920.0,6040.0,0.0184254606365159,-0.0083752093802345,0.0117252931323283,,98725,7290000000.0,62899277479,0.1159,ok
22917,20260424900149,1310773,엔시스,333620,단일판매ㆍ공급계약체결(자율공시),2026-04-24,KOSDAQ,6670.0,7340.0,7130.0,7150.0,0.1004497751124438,0.0689655172413792,0.0719640179910046,,22917,4870000000.0,48836076321,0.09970000000000001,ok
21758,20260427900421,1310773,엔시스,333620,단일판매ㆍ공급계약체결,2026-04-27,KOSDAQ,7340.0,7130.0,7190.0,6990.0,-0.0286103542234332,-0.0204359673024523,-0.047683923705722,,21758,8550000000.0,48836076321,0.1751,ok
98012,20260312901296,454937,덕신이피씨,090410,단일판매ㆍ공급계약체결,2026-03-12,KOSDAQ,1203.0,1225.0,1231.0,1198.0,0.0182876142975894,0.0232751454696591,-0.0041562759767248,,98012,15593000000.0,146564092289,0.106,ok
95961,20260313801348,361008,한화엔진,082740,단일판매ㆍ공급계약체결,2026-03-13,KOSPI,49650.0,48700.0,49250.0,49050.0,-0.0191339375629405,-0.0080563947633434,-0.0120845921450151,,95961,110689040000.0,1202204707511,0.092,ok
74627,20260330801097,361008,한화엔진,082740,단일판매ㆍ공급계약체결,2026-03-30,KOSPI,44600.0,43550.0,44700.0,44300.0,-0.023542600896861,0.0022421524663676,-0.0067264573991031,,74627,95743109200.0,1202204707511,0.08,ok
11424,20260513800550,361008,한화엔진,082740,단일판매ㆍ공급계약체결,2026-05-13,KOSPI,78800.0,77400.0,71600.0,69600.0,-0.0177664974619289,-0.0913705583756345,-0.116751269035533,,11424,354166647000.0,1371057336146,0.258,ok
96751,20260313900540,1627363,세미파이브,490470,단일판매ㆍ공급계약체결,2026-03-13,KOSDAQ,25500.0,24050.0,25400.0,30900.0,-0.0568627450980392,-0.0039215686274509,0.2117647058823528,,96751,18078199200.0,111813068704,0.1617,ok
4789,20260520900367,1627363,세미파이브,490470,단일판매ㆍ공급계약체결,2026-05-20,KOSDAQ,35000.0,35050.0,36250.0,39750.0,0.0014285714285713,0.0357142857142858,0.1357142857142856,,4789,14733320000.0,120952056617,0.12179999999999999,ok
95270,20260316800091,155276,포스코퓨처엠,003670,단일판매ㆍ공급계약체결,2026-03-16,KOSPI,191200.0,193100.0,200500.0,186400.0,0.0099372384937237,0.0486401673640166,-0.0251046025104602,,95270,1014945300000.0,2938698184392,0.345,ok
95122,20260316900270,1286476,RF시스템즈,474610,단일판매ㆍ공급계약체결,2026-03-16,KOSDAQ,10910.0,10210.0,10020.0,8760.0,-0.0641613198900091,-0.081576535288726,-0.1970669110907424,,95122,16653283062.0,32672118780,0.5097,ok
95004,20260316900409,576798,디아이티,110990,단일판매ㆍ공급계약체결,2026-03-16,KOSDAQ,23500.0,22700.0,22650.0,19950.0,-0.0340425531914894,-0.0361702127659574,-0.1510638297872341,,95004,15870000000.0,116655392937,0.136,ok
94983,20260316900430,276083,피노,033790,단일판매ㆍ공급계약체결,2026-03-16,KOSDAQ,4920.0,4860.0,5090.0,4525.0,-0.0121951219512195,0.0345528455284553,-0.0802845528455284,,94983,14470790400.0,30676302081,0.4717,ok
43223,20260408900802,276083,피노,033790,단일판매ㆍ공급계약체결,2026-04-08,KOSDAQ,10050.0,10060.0,10690.0,9100.0,0.0009950248756218,0.063681592039801,-0.0945273631840796,,43223,31220896000.0,264760884474,0.11789999999999999,ok
94529,20260316901006,871833,에스티팜,237690,단일판매ㆍ공급계약체결,2026-03-16,KOSDAQ,155100.0,153400.0,155800.0,142500.0,-0.0109606705351386,0.0045132172791746,-0.0812379110251451,,94529,89784403800.0,273751342840,0.32799999999999996,ok
93153,20260316902790,1573381,레이저쎌,412350,단일판매ㆍ공급계약체결,2026-03-16,KOSDAQ,4950.0,6430.0,7660.0,7000.0,0.2989898989898989,0.5474747474747474,0.4141414141414141,,93153,427070280.0,4015870540,0.1063,ok
93152,20260316902793,1573381,레이저쎌,412350,단일판매ㆍ공급계약체결,2026-03-16,KOSDAQ,4950.0,6430.0,7660.0,7000.0,0.2989898989898989,0.5474747474747474,0.4141414141414141,,93152,962017980.0,4015870540,0.2396,ok
22165,20260424901001,1573381,레이저쎌,412350,단일판매ㆍ공급계약체결,2026-04-24,KOSDAQ,7720.0,8610.0,8070.0,7660.0,0.1152849740932642,0.0453367875647667,-0.0077720207253886,,22165,1560000000.0,4684448307,0.33299999999999996,ok
604,20260527900199,1573381,레이저쎌,412350,단일판매ㆍ공급계약체결,2026-05-27,KOSDAQ,10070.0,9150.0,8700.0,7940.0,-0.0913604766633564,-0.1360476663356504,-0.211519364448858,,604,895000000.0,4684448307,0.1911,ok
92971,20260317800019,413046,셀트리온,068270,단일판매ㆍ공급계약체결,2026-03-17,KOSPI,196352.0,199688.0,192539.0,190252.0,0.0169898956975227,-0.0194192063233377,-0.0310666558018253,,92971,294921000000.0,3557303554371,0.08289999999999999,ok
92965,20260317800064,182696,대한조선,439260,단일판매ㆍ공급계약체결,2026-03-17,KOSPI,97200.0,95700.0,94900.0,87500.0,-0.015432098765432,-0.0236625514403292,-0.0997942386831275,,92965,133300000000.0,1075300000000,0.124,ok
86404,20260323800069,182696,대한조선,439260,단일판매ㆍ공급계약체결,2026-03-23,KOSPI,88800.0,87500.0,89300.0,81300.0,-0.0146396396396396,0.0056306306306306,-0.0844594594594594,,86404,133800000000.0,1075300000000,0.1244,ok
73433,20260331800063,182696,대한조선,439260,단일판매ㆍ공급계약체결,2026-03-31,KOSPI,85700.0,90000.0,87600.0,88300.0,0.0501750291715286,0.0221703617269544,0.0303383897316218,,73433,276000000000.0,1075300000000,0.25670000000000004,ok
27578,20260416800003,182696,대한조선,439260,단일판매ㆍ공급계약체결,2026-04-16,KOSPI,89200.0,90400.0,89200.0,95100.0,0.0134529147982063,0.0,0.0661434977578474,,27578,132900000000.0,1228100000000,0.1082,ok
92734,20260317900380,838005,서진시스템,178320,단일판매ㆍ공급계약체결,2026-03-17,KOSDAQ,45650.0,45200.0,45400.0,49200.0,-0.0098576122672507,-0.0054764512595837,0.0777656078860897,,92734,270158201368.0,1213752801436,0.22260000000000002,ok
21154,20260428900099,838005,서진시스템,178320,단일판매ㆍ공급계약체결,2026-04-28,KOSDAQ,51300.0,56700.0,59500.0,68100.0,0.1052631578947369,0.1598440545808968,0.327485380116959,,21154,120647755343.0,1066330738953,0.1131,ok
5861,20260518900352,838005,서진시스템,178320,단일판매ㆍ공급계약체결,2026-05-18,KOSDAQ,72800.0,69800.0,65700.0,78600.0,-0.0412087912087911,-0.0975274725274725,0.0796703296703296,,5861,187004483329.0,1066330738953,0.1754,ok
92176,20260317900903,528515,한라IMS,092460,단일판매ㆍ공급계약체결,2026-03-17,KOSDAQ,15820.0,16180.0,15920.0,15830.0,0.02275600505689,0.0063211125158026,0.0006321112515803,,92176,18281120000.0,104235725498,0.1754,ok
92084,20260317901131,532059,그린생명과학,114450,단일판매ㆍ공급계약체결,2026-03-17,KOSDAQ,2835.0,2760.0,2720.0,2695.0,-0.0264550264550265,-0.0405643738977072,-0.0493827160493827,,92084,14030000000.0,24860636227,0.5643,ok
11447,20260513900542,532059,그린생명과학,114450,단일판매ㆍ공급계약체결,2026-05-13,KOSDAQ,3645.0,3045.0,2795.0,3000.0,-0.1646090534979424,-0.233196159122085,-0.176954732510288,,11447,10050000000.0,40339622036,0.2491,ok
92017,20260317901170,256502,에이텍,045660,단일판매ㆍ공급계약체결,2026-03-17,KOSDAQ,9520.0,9830.0,9600.0,9510.0,0.0325630252100841,0.0084033613445377,-0.0010504201680672,,92017,5876516903.0,46230948674,0.12710000000000002,ok
91865,20260318900069,965318,이노시뮬레이션,274400,단일판매ㆍ공급계약체결(자율공시),2026-03-18,KOSDAQ,3900.0,3745.0,3750.0,3730.0,-0.0397435897435897,-0.0384615384615384,-0.0435897435897435,,91865,770000000.0,9336213422,0.0825,ok
91839,20260318900123,141246,SGC E&C,016250,단일판매ㆍ공급계약체결,2026-03-18,KOSDAQ,17080.0,16800.0,17820.0,17260.0,-0.0163934426229508,0.0433255269320842,0.0105386416861825,,91839,246678500000.0,1205586883178,0.2046,ok
91840,20260318900125,141246,SGC E&C,016250,단일판매ㆍ공급계약체결,2026-03-18,KOSDAQ,17080.0,16800.0,17820.0,17260.0,-0.0163934426229508,0.0433255269320842,0.0105386416861825,,91840,155612500000.0,1205586883178,0.1291,ok
91743,20260318900247,1584183,퀄리타스반도체,432720,단일판매ㆍ공급계약체결,2026-03-18,KOSDAQ,14230.0,13740.0,14350.0,16920.0,-0.0344342937456079,0.0084328882642306,0.1890372452565003,,91743,2423520000.0,6074683889,0.39899999999999997,ok
64321,20260401900721,1584183,퀄리타스반도체,432720,단일판매ㆍ공급계약체결,2026-04-01,KOSDAQ,15290.0,14120.0,14180.0,15650.0,-0.0765206017004578,-0.0725964682799215,0.0235448005232177,,64321,1286390000.0,6074683889,0.2118,ok
25813,20260420900415,1584183,퀄리타스반도체,432720,단일판매ㆍ공급계약체결,2026-04-20,KOSDAQ,18390.0,19520.0,20150.0,20950.0,0.0614464382816748,0.0957041870581838,0.1392060902664491,,25813,1814480000.0,5350047190,0.3392,ok
91719,20260318900291,442561,에프알텍,073540,단일판매ㆍ공급계약체결,2026-03-18,KOSDAQ,2425.0,2310.0,2350.0,2610.0,-0.0474226804123711,-0.0309278350515463,0.0762886597938143,,91719,3379029550.0,29759555648,0.114,ok
91412,20260318900618,556712,힘스,238490,단일판매ㆍ공급계약체결,2026-03-18,KOSDAQ,2980.0,3100.0,3090.0,3050.0,0.0402684563758388,0.0369127516778522,0.0234899328859059,,91412,7491000000.0,61263780643,0.122,ok
5722,20260518900530,556712,힘스,238490,단일판매ㆍ공급계약체결(자율공시),2026-05-18,KOSDAQ,3405.0,3355.0,3160.0,3185.0,-0.0146842878120411,-0.0719530102790014,-0.0646108663729808,,5722,5519264000.0,59259188126,0.09300000000000001,ok
19670,20260429800551,1412725,두산퓨얼셀,336260,단일판매ㆍ공급계약체결,2026-04-29,KOSPI,58600.0,60800.0,60600.0,86300.0,0.0375426621160408,0.0341296928327645,0.4726962457337884,,19670,60800000000.0,454800000000,0.13369999999999999,ok
19493,20260429800701,1412725,두산퓨얼셀,336260,단일판매ㆍ공급계약체결,2026-04-29,KOSPI,58600.0,60800.0,60600.0,86300.0,0.0375426621160408,0.0341296928327645,0.4726962457337884,,19493,49100000000.0,454800000000,0.10800000000000001,ok
38256,20260410800139,367844,자이에스앤디,317400,단일판매ㆍ공급계약체결,2026-04-10,KOSPI,4460.0,4400.0,4410.0,4590.0,-0.0134529147982063,-0.0112107623318385,0.0291479820627802,,38256,157464000000.0,1387596056216,0.11349999999999999,ok
87109,20260320901323,367695,에이전트AI,060900,단일판매ㆍ공급계약체결,2026-03-20,KOSDAQ,6251.0,8106.0,10533.0,7052.0,0.2967525195968645,0.6850103983362661,0.1281394976803711,,87109,1800000000.0,11795782994,0.15259999999999999,ok
87080,20260320901331,367695,에이전트AI,060900,단일판매ㆍ공급계약체결,2026-03-20,KOSDAQ,6251.0,8106.0,10533.0,7052.0,0.2967525195968645,0.6850103983362661,0.1281394976803711,,87080,1700000000.0,11795782994,0.1441,ok
86398,20260323800077,134477,SNT다이내믹스,003570,단일판매ㆍ공급계약체결,2026-03-23,KOSPI,48050.0,47400.0,50800.0,49750.0,-0.0135275754422476,0.0572320499479708,0.0353798126951092,,86398,510480000000.0,614453293151,0.8308,ok
86393,20260323800086,225159,SNT홀딩스,036530,단일판매ㆍ공급계약체결(자회사의 주요경영사항),2026-03-23,KOSPI,62900.0,62700.0,62700.0,59400.0,-0.0031796502384737,-0.0031796502384737,-0.0556438791732909,,86393,510480000000.0,614453293151,0.8308,ok
30235,20260414900290,1170865,네오셈,253590,단일판매ㆍ공급계약체결(자율공시),2026-04-14,KOSDAQ,17750.0,17660.0,17340.0,17750.0,-0.0050704225352112,-0.0230985915492957,0.0,,30235,6209849911.0,63936752061,0.0971,ok
15941,20260506900239,1170865,네오셈,253590,단일판매ㆍ공급계약체결,2026-05-06,KOSDAQ,20650.0,18090.0,17800.0,15720.0,-0.1239709443099273,-0.1380145278450363,-0.2387409200968523,,15941,8534082042.0,63936752061,0.1335,ok
648,20260527900129,1170865,네오셈,253590,단일판매ㆍ공급계약체결,2026-05-27,KOSDAQ,15840.0,15490.0,14120.0,14400.0,-0.0220959595959595,-0.1085858585858585,-0.0909090909090909,,648,11540397499.0,63936752061,0.1805,ok
86203,20260323900320,1516890,E8,418620,단일판매ㆍ공급계약체결,2026-03-23,KOSDAQ,1341.0,1377.0,1400.0,1292.0,0.0268456375838925,0.0439970171513794,-0.0365398956002982,,86203,880000000.0,2285497728,0.385,ok
86116,20260323900428,1157235,아스타,246720,단일판매ㆍ공급계약체결,2026-03-23,KOSDAQ,6230.0,6070.0,6070.0,6070.0,-0.0256821829855538,-0.0256821829855538,-0.0256821829855538,,86116,440760000.0,3354706693,0.13140000000000002,ok
24272,20260422900627,1157235,아스타,246720,단일판매ㆍ공급계약체결,2026-04-22,KOSDAQ,6070.0,6070.0,6070.0,6070.0,0.0,0.0,0.0,,24272,400909091.0,3354706693,0.1195,ok
84058,20260324800257,398701,엘앤에프,066970,단일판매ㆍ공급계약체결,2026-03-24,KOSPI,125000.0,145300.0,144500.0,143900.0,0.1624000000000001,0.1559999999999999,0.1512,,84058,1606718520000.0,1907478512809,0.8423,ok
83759,20260324800684,109806,삼일씨엔에스,004440,단일판매ㆍ공급계약체결,2026-03-24,KOSPI,6910.0,8980.0,9950.0,9810.0,0.2995658465991317,0.4399421128798841,0.4196816208393632,,83759,58555000000.0,221295516428,0.265,ok
54102,20260403801446,131832,SK디스커버리,006120,단일판매ㆍ공급계약체결(자회사의 주요경영사항),2026-04-03,KOSPI,51600.0,51200.0,51600.0,59100.0,-0.0077519379844961,0.0,0.1453488372093023,,54102,18369878406.0,218973453081,0.0839,ok
83955,20260324900417,1555215,스마트레이더시스템,424960,단일판매ㆍ공급계약체결,2026-03-24,KOSDAQ,7230.0,7070.0,6810.0,6450.0,-0.0221300138312586,-0.0580912863070539,-0.1078838174273858,,83955,1154089200.0,4736694422,0.24359999999999998,ok
83772,20260324900614,1435489,범한퓨얼셀,382900,단일판매ㆍ공급계약체결(자율공시),2026-03-24,KOSDAQ,28600.0,28900.0,28850.0,25750.0,0.0104895104895104,0.0087412587412587,-0.0996503496503496,,83772,3603000000.0,36194682101,0.09949999999999999,ok
18752,20260430900121,1435489,범한퓨얼셀,382900,단일판매ㆍ공급계약체결,2026-04-30,KOSDAQ,35250.0,35900.0,40700.0,35450.0,0.0184397163120566,0.154609929078014,0.0056737588652482,,18752,9700000000.0,43361093941,0.2237,ok
58866,20260402900815,105466,KCC건설,021320,단일판매ㆍ공급계약체결,2026-04-02,KOSDAQ,6290.0,6500.0,6480.0,6980.0,0.0333863275039745,0.0302066772655007,0.1096979332273448,,58866,305714000000.0,1833403452922,0.16670000000000001,ok
42891,20260408900887,105466,KCC건설,021320,단일판매ㆍ공급계약체결,2026-04-08,KOSDAQ,7100.0,6980.0,7010.0,7270.0,-0.0169014084507042,-0.0126760563380281,0.0239436619718309,,42891,317898460000.0,1833403452922,0.1734,ok
29615,20260414900446,105466,KCC건설,021320,단일판매ㆍ공급계약체결,2026-04-14,KOSDAQ,7110.0,7270.0,7220.0,7420.0,0.0225035161744022,0.0154711673699015,0.0436005625879043,,29615,238809000000.0,1833403452922,0.1303,ok
21043,20260428900221,105466,KCC건설,021320,단일판매ㆍ공급계약체결,2026-04-28,KOSDAQ,7340.0,7430.0,7110.0,7310.0,0.0122615803814714,-0.0313351498637601,-0.0040871934604904,,21043,556616339000.0,1833403452922,0.3036,ok
11516,20260513900468,105466,KCC건설,021320,단일판매ㆍ공급계약체결(자율공시),2026-05-13,KOSDAQ,6640.0,6750.0,6490.0,5890.0,0.0165662650602409,-0.022590361445783,-0.1129518072289156,,11516,153941000000.0,1833403452922,0.084,ok
83289,20260324901278,353610,이니텍,053350,단일판매ㆍ공급계약체결,2026-03-24,KOSDAQ,3150.0,3225.0,3265.0,3205.0,0.0238095238095237,0.0365079365079366,0.0174603174603174,,83289,4267000000.0,38881694487,0.1097,ok
82150,20260325900613,353610,이니텍,053350,단일판매ㆍ공급계약체결(자율공시),2026-03-25,KOSDAQ,3225.0,3265.0,3250.0,3320.0,0.0124031007751939,0.0077519379844961,0.0294573643410853,,82150,3594380000.0,38881694487,0.0924,ok
83195,20260324901398,544577,브이엠,089970,단일판매ㆍ공급계약체결,2026-03-24,KOSDAQ,46950.0,47750.0,45300.0,38750.0,0.0170394036208731,-0.0351437699680511,-0.174653887113951,,83195,81556000000.0,70277411560,1.1604999999999999,ok
27307,20260416800364,124540,대우건설,047040,단일판매ㆍ공급계약체결,2026-04-16,KOSPI,28600.0,28700.0,28100.0,33250.0,0.0034965034965035,-0.0174825174825175,0.1625874125874125,,27307,1268656700000.0,8054627137857,0.1575,ok
20798,20260428800476,124540,대우건설,047040,단일판매ㆍ공급계약체결,2026-04-28,KOSPI,37150.0,36900.0,35000.0,33200.0,-0.0067294751009421,-0.0578734858681022,-0.1063257065948856,,20798,782755638000.0,8054627137857,0.09720000000000001,ok
74628,20260330801083,164478,현대건설,000720,단일판매ㆍ공급계약체결,2026-03-30,KOSPI,148400.0,142100.0,159900.0,151900.0,-0.0424528301886792,0.0774932614555257,0.0235849056603774,,74628,2748850000000.0,32670268059918,0.084,ok
82547,20260325800267,480455,STX엔진,077970,단일판매ㆍ공급계약체결,2026-03-25,KOSPI,36350.0,35300.0,33500.0,32400.0,-0.0288858321870701,-0.078404401650619,-0.108665749656121,,82547,264385000000.0,724609807886,0.3649,ok
82302,20260325800420,173944,우진,105840,단일판매ㆍ공급계약체결,2026-03-25,KOSPI,27050.0,25400.0,24400.0,24650.0,-0.0609981515711645,-0.0979667282809612,-0.088724584103512,,82302,11340000000.0,140726674100,0.0806,ok
15785,20260506900474,1336762,스피어,347700,단일판매ㆍ공급계약체결,2026-05-06,KOSDAQ,42300.0,40550.0,41650.0,42500.0,-0.0413711583924349,-0.0153664302600472,0.0047281323877068,,15785,13855250988.0,95638566409,0.1449,ok
81651,20260325901147,866451,워트,396470,단일판매ㆍ공급계약체결,2026-03-25,KOSDAQ,7190.0,7000.0,7070.0,7140.0,-0.0264255910987483,-0.0166898470097357,-0.0069541029207231,,81651,2103000000.0,15184230309,0.13849999999999998,ok
79051,20260326903063,866451,워트,396470,단일판매ㆍ공급계약체결,2026-03-26,KOSDAQ,7000.0,7070.0,6920.0,6720.0,0.01,-0.0114285714285714,-0.04,,79051,3023000000.0,15184230309,0.1991,ok
78000,20260327900424,866451,워트,396470,단일판매ㆍ공급계약체결,2026-03-27,KOSDAQ,7070.0,6920.0,6750.0,6760.0,-0.0212164073550211,-0.0452616690240452,-0.0438472418670438,,78000,1872000000.0,15184230309,0.1233,ok
39023,20260409900837,866451,워트,396470,단일판매ㆍ공급계약체결,2026-04-09,KOSDAQ,6870.0,7210.0,7190.0,7710.0,0.049490538573508,0.0465793304221251,0.1222707423580786,,39023,2004000000.0,15220856646,0.1317,ok
81528,20260325901216,660459,나노씨엠에스,247660,단일판매ㆍ공급계약체결,2026-03-25,KOSDAQ,4290.0,4390.0,4520.0,5060.0,0.0233100233100234,0.0536130536130536,0.1794871794871795,,81528,2257386000.0,4649686964,0.4855,ok
80443,20260326800819,878696,에스케이바이오팜,326030,단일판매ㆍ공급계약체결,2026-03-26,KOSPI,94700.0,100300.0,97400.0,94300.0,0.0591341077085534,0.0285110876451952,-0.0042238648363251,,80443,44276404293.0,547596283214,0.081,ok
80073,20260326801323,104786,미래아이앤지,007120,단일판매ㆍ공급계약체결,2026-03-26,KOSPI,2150.0,2120.0,2050.0,1890.0,-0.0139534883720929,-0.0465116279069767,-0.1209302325581395,,80073,1109742273.0,11702648807,0.09480000000000001,ok
24700,20260422900155,1208751,아이에스티이,212710,단일판매ㆍ공급계약체결,2026-04-22,KOSDAQ,8630.0,8410.0,8630.0,9170.0,-0.0254924681344148,0.0,0.0625724217844727,,24700,23500000000.0,32220867462,0.7293000000000001,ok
80945,20260326900208,1704680,M83,476080,단일판매ㆍ공급계약체결,2026-03-26,KOSDAQ,6590.0,6500.0,6290.0,6140.0,-0.0136570561456752,-0.0455235204855841,-0.0682852807283763,,80945,10488100000.0,58163355345,0.18030000000000002,ok
80874,20260326900300,374738,위세아이텍,065370,단일판매ㆍ공급계약체결,2026-03-26,KOSDAQ,4940.0,4980.0,4875.0,4675.0,0.0080971659919029,-0.0131578947368421,-0.0536437246963562,,80874,5618000000.0,35028457232,0.1604,ok
23579,20260423900518,374738,위세아이텍,065370,단일판매ㆍ공급계약체결(자율공시),2026-04-23,KOSDAQ,5480.0,5520.0,5520.0,5310.0,0.0072992700729928,0.0072992700729928,-0.031021897810219,,23579,3090000000.0,38258327979,0.0808,ok
16283,20260504900423,374738,위세아이텍,065370,단일판매ㆍ공급계약체결,2026-05-04,KOSDAQ,5310.0,5320.0,5120.0,4820.0,0.0018832391713747,-0.0357815442561205,-0.0922787193973634,,16283,3925800000.0,38258327979,0.1026,ok
80824,20260326900367,1080252,넥스틴,348210,단일판매ㆍ공급계약체결(자율공시),2026-03-26,KOSDAQ,74800.0,73000.0,68400.0,64700.0,-0.0240641711229946,-0.0855614973262032,-0.1350267379679144,,80824,10606000000.0,113719875873,0.0933,ok
80616,20260326900625,120906,에스아이리소스,065420,단일판매ㆍ공급계약체결,2026-03-26,KOSDAQ,207.0,248.0,225.0,288.0,0.1980676328502415,0.0869565217391303,0.3913043478260869,,80616,3969000000.0,10538164218,0.3766,ok
32672,20260413900364,120906,에스아이리소스,065420,단일판매ㆍ공급계약체결,2026-04-13,KOSDAQ,257.0,248.0,244.0,299.0,-0.0350194552529182,-0.0505836575875486,0.1634241245136187,,32672,4383000000.0,20851578595,0.2102,ok
22852,20260424900209,120906,에스아이리소스,065420,단일판매ㆍ공급계약체결,2026-04-24,KOSDAQ,285.0,282.0,308.0,286.0,-0.0105263157894737,0.0807017543859649,0.0035087719298245,,22852,8112000000.0,20851578595,0.389,ok
78082,20260327900355,364467,드림어스컴퍼니,060570,단일판매ㆍ공급계약체결(자율공시),2026-03-27,KOSDAQ,1294.0,1262.0,1220.0,1251.0,-0.0247295208655332,-0.0571870170015456,-0.0332302936630602,,78082,19500000000.0,225062659788,0.0866,ok
77569,20260327900881,418379,자연과환경,043910,단일판매ㆍ공급계약체결,2026-03-27,KOSDAQ,4960.0,4810.0,4700.0,4820.0,-0.0302419354838709,-0.0524193548387096,-0.0282258064516128,,77569,4130000000.0,40733432025,0.1013,ok
14313,20260508900203,418379,자연과환경,043910,단일판매ㆍ공급계약체결,2026-05-08,KOSDAQ,4930.0,4930.0,4930.0,4930.0,0.0,0.0,0.0,,14313,3953693418.0,37308755838,0.106,ok
77328,20260327901308,117966,동원개발,013120,단일판매ㆍ공급계약체결,2026-03-27,KOSDAQ,3045.0,2920.0,2875.0,2815.0,-0.0410509031198685,-0.0558292282430213,-0.0755336617405583,,77328,69063008335.0,520374333203,0.13269999999999998,ok
76840,20260327902001,1078178,RFHIC,218410,단일판매ㆍ공급계약체결,2026-03-27,KOSDAQ,82400.0,78700.0,75000.0,89000.0,-0.0449029126213592,-0.0898058252427184,0.0800970873786408,,76840,19229999940.0,114875963020,0.1674,ok
75171,20260330900545,1487446,씨엔알리서치,359090,단일판매ㆍ공급계약체결,2026-03-30,KOSDAQ,809.0,795.0,802.0,775.0,-0.0173053152039555,-0.0086526576019777,-0.042027194066749,,75171,11509463000.0,64982070922,0.1771,ok
74522,20260330901093,1566248,에코프로에이치엔,383310,단일판매ㆍ공급계약체결,2026-03-30,KOSDAQ,29850.0,29300.0,30700.0,29300.0,-0.0184254606365159,0.0284757118927974,-0.0184254606365159,,74522,23985050000.0,234500459609,0.102,ok
74237,20260330901242,536541,에코프로,086520,단일판매ㆍ공급계약체결(자회사의 주요경영사항),2026-03-30,KOSDAQ,146700.0,139500.0,149100.0,143000.0,-0.049079754601227,0.016359918200409,-0.0252215405589638,,74237,23985050000.0,234500459609,0.102,ok
70573,20260331801669,1199550,HD현대에너지솔루션,322000,단일판매ㆍ공급계약체결,2026-03-31,KOSPI,139100.0,136600.0,147000.0,168800.0,-0.0179726815240833,0.0567936736161034,0.2135154565061108,,70573,127800000000.0,422400000000,0.303,ok
69804,20260331802488,361488,텔코웨어,078000,단일판매ㆍ공급계약체결,2026-03-31,KOSPI,16550.0,17160.0,16810.0,16670.0,0.036858006042296,0.0157099697885196,0.0072507552870091,,69804,9400000000.0,44852925328,0.21,ok
73296,20260331900156,1575839,플라즈맵,405000,단일판매ㆍ공급계약체결,2026-03-31,KOSDAQ,7150.0,7170.0,7180.0,6910.0,0.0027972027972027,0.0041958041958041,-0.0335664335664335,,73296,2500000000.0,10139296801,0.2466,ok
72728,20260331900284,125664,삼미금속,012210,단일판매ㆍ공급계약체결,2026-03-31,KOSDAQ,13140.0,14250.0,13230.0,13330.0,0.0844748858447488,0.0068493150684931,0.0144596651445967,,72728,10812952150.0,76441344507,0.14150000000000001,ok
72295,20260331900518,1678312,아이빔테크놀로지,460470,단일판매ㆍ공급계약체결,2026-03-31,KOSDAQ,3275.0,3475.0,3210.0,3120.0,0.0610687022900764,-0.0198473282442748,-0.0473282442748091,,72295,470466572.0,3564282688,0.132,ok
64639,20260401900611,1678312,아이빔테크놀로지,460470,단일판매ㆍ공급계약체결,2026-04-01,KOSDAQ,3475.0,3210.0,3270.0,3225.0,-0.0762589928057554,-0.0589928057553956,-0.0719424460431654,,64639,538541473.0,4375864077,0.12300000000000001,ok
2653,20260526900207,1678312,아이빔테크놀로지,460470,단일판매ㆍ공급계약체결,2026-05-26,KOSDAQ,4500.0,4335.0,3805.0,3740.0,-0.0366666666666666,-0.1544444444444445,-0.1688888888888888,,2653,617423827.0,4375864077,0.141,ok
70133,20260331902050,1063884,솔디펜스,215090,단일판매ㆍ공급계약체결,2026-03-31,KOSDAQ,2615.0,2780.0,2675.0,2625.0,0.0630975143403442,0.022944550669216,0.0038240917782026,,70133,4266636500.0,21756567908,0.1961,ok
62322,20260401801472,126566,한화에어로스페이스,012450,단일판매ㆍ공급계약체결,2026-04-01,KOSPI,1333000.0,1417000.0,1449000.0,1484000.0,0.0630157539384845,0.0870217554388597,0.1132783195798949,,62322,2024075073362.0,11240121484118,0.1801,ok
65857,20260401900381,1571107,오픈엣지테크놀로지,394280,단일판매ㆍ공급계약체결,2026-04-01,KOSDAQ,15630.0,14370.0,14440.0,15730.0,-0.0806142034548944,-0.0761356365962891,0.0063979526551503,,65857,3480820000.0,16058809323,0.217,ok
64718,20260401900588,410915,서울옥션,063170,단일판매ㆍ공급계약체결,2026-04-01,KOSDAQ,7590.0,7000.0,6950.0,7090.0,-0.077733860342556,-0.0843214756258234,-0.0658761528326745,,64718,6050000000.0,20599064531,0.2937,ok
62363,20260401901450,105138,파라텍,033540,단일판매ㆍ공급계약체결,2026-04-01,KOSDAQ,1160.0,1101.0,1120.0,1120.0,-0.0508620689655172,-0.0344827586206896,-0.0344827586206896,,62363,46312930000.0,173929893426,0.2663,ok
21120,20260428800140,128980,삼호개발,010960,단일판매ㆍ공급계약체결,2026-04-28,KOSPI,4050.0,4015.0,3995.0,3945.0,-0.0086419753086419,-0.0135802469135802,-0.0259259259259259,,21120,34800000000.0,409727353425,0.0849,ok
56614,20260403900671,1014055,에스트래픽,234300,단일판매ㆍ공급계약체결,2026-04-03,KOSDAQ,3345.0,3290.0,3275.0,3410.0,-0.0164424514200298,-0.0209267563527653,0.0194319880418534,,56614,35637000000.0,168238551225,0.212,ok
55630,20260403900787,605124,알파칩스,117670,단일판매ㆍ공급계약체결,2026-04-03,KOSDAQ,16780.0,15740.0,15200.0,15680.0,-0.0619785458879618,-0.0941597139451728,-0.0655542312276519,,55630,23939152125.0,82279635343,0.2909,ok
55804,20260403900789,1237434,플리토,300080,단일판매ㆍ공급계약체결,2026-04-03,KOSDAQ,11200.0,10950.0,10910.0,11240.0,-0.0223214285714286,-0.0258928571428571,0.0035714285714285,,55804,3877678656.0,35979641976,0.10779999999999999,ok
54039,20260403901458,1579570,시큐레터,418250,단일판매ㆍ공급계약체결,2026-04-03,KOSDAQ,6550.0,6550.0,6550.0,6550.0,0.0,0.0,0.0,,54039,801800000.0,1411766617,0.568,ok
51060,20260406900519,1360875,탑머티리얼,360070,단일판매ㆍ공급계약체결,2026-04-06,KOSDAQ,17390.0,16860.0,17700.0,17930.0,-0.0304772857964347,0.0178263369752731,0.0310523289246693,,51060,7897760000.0,23130641417,0.3414,ok
8566,20260515900800,1360875,탑머티리얼,360070,단일판매ㆍ공급계약체결,2026-05-15,KOSDAQ,15800.0,15610.0,15190.0,15730.0,-0.0120253164556961,-0.0386075949367088,-0.0044303797468354,,8566,3363975000.0,23130641417,0.1454,ok
50172,20260406900708,877819,데이타솔루션,263800,단일판매ㆍ공급계약체결,2026-04-06,KOSDAQ,4360.0,4400.0,4610.0,4715.0,0.0091743119266054,0.0573394495412844,0.0814220183486238,,50172,29301237727.0,103815906948,0.282,ok
46628,20260407900568,1676642,사피엔반도체,452430,단일판매ㆍ공급계약체결,2026-04-07,KOSDAQ,28850.0,33000.0,33000.0,32950.0,0.143847487001733,0.143847487001733,0.1421143847487,,46628,2349262928.0,17312155993,0.14,ok
44825,20260408900265,441650,케이씨에스,115500,단일판매ㆍ공급계약체결,2026-04-08,KOSDAQ,9360.0,9120.0,9470.0,13680.0,-0.0256410256410256,0.0117521367521367,0.4615384615384614,,44825,8793932000.0,24863482484,0.35369999999999996,ok
43002,20260408900869,411808,제이오,418550,단일판매ㆍ공급계약체결,2026-04-08,KOSDAQ,8520.0,8330.0,8360.0,8810.0,-0.0223004694835681,-0.0187793427230047,0.034037558685446,,43002,10100000000.0,55173743385,0.183,ok
42917,20260408900891,959210,코츠테크놀로지,448710,단일판매ㆍ공급계약체결,2026-04-08,KOSDAQ,19190.0,19120.0,20450.0,21550.0,-0.003647733194372,0.0656591974986973,0.122980719124544,,42917,7785289360.0,68114262512,0.1143,ok
41943,20260408901137,231105,동성화인텍,033500,단일판매ㆍ공급계약체결,2026-04-08,KOSDAQ,25650.0,25300.0,25550.0,26450.0,-0.01364522417154,-0.0038986354775828,0.0311890838206627,,41943,87816304000.0,742186008411,0.11800000000000001,ok
41191,20260409800475,178754,동아지질,028100,단일판매ㆍ공급계약체결,2026-04-09,KOSPI,18300.0,18250.0,17770.0,17890.0,-0.0027322404371584,-0.0289617486338797,-0.0224043715846994,,41191,67594000000.0,467725500443,0.145,ok
40251,20260409900628,1506617,쓰리빌리언,394800,단일판매ㆍ공급계약체결(자율공시),2026-04-09,KOSDAQ,11200.0,11370.0,10750.0,12200.0,0.0151785714285714,-0.0401785714285714,0.0892857142857141,,40251,954545455.0,11708662411,0.0815,ok
39859,20260409900726,364740,머큐리,100590,단일판매ㆍ공급계약체결,2026-04-09,KOSDAQ,8800.0,9290.0,11320.0,8050.0,0.0556818181818181,0.2863636363636364,-0.0852272727272727,,39859,14950000000.0,123866036266,0.1207,ok
39738,20260409900741,1416642,다보링크,340360,단일판매ㆍ공급계약체결,2026-04-09,KOSDAQ,1560.0,1643.0,1759.0,1666.0,0.0532051282051282,0.1275641025641025,0.0679487179487179,,39738,25669992000.0,63202011258,0.40619999999999995,ok
36535,20260410800413,143262,우진아이엔에스,010400,단일판매ㆍ공급계약체결,2026-04-10,KOSPI,3815.0,3965.0,3975.0,4205.0,0.0393184796854522,0.0419397116644824,0.1022280471821757,,36535,24850000000.0,164457886988,0.15109999999999998,ok
21102,20260428800161,143262,우진아이엔에스,010400,단일판매ㆍ공급계약체결,2026-04-28,KOSPI,4100.0,4175.0,4105.0,4085.0,0.0182926829268292,0.0012195121951219,-0.0036585365853658,,21102,25569000000.0,164457886988,0.1555,ok
37802,20260410900207,870065,쓰리에이로직스,177900,단일판매ㆍ공급계약체결,2026-04-10,KOSDAQ,6640.0,6470.0,6360.0,6480.0,-0.0256024096385542,-0.0421686746987951,-0.0240963855421686,,37802,11374848000.0,14494595306,0.7848,ok
36132,20260410900491,1343665,RF머트리얼즈,327260,단일판매ㆍ공급계약체결,2026-04-10,KOSDAQ,91268.0,87822.0,100228.0,99342.0,-0.0377569356181793,0.0981724153043783,0.0884647412017356,,36132,7294886200.0,64084381231,0.11380000000000001,ok
34452,20260413800107,145437,아센디오,012170,단일판매ㆍ공급계약체결,2026-04-13,KOSPI,1347.0,1426.0,1466.0,1464.0,0.058648849294729,0.0883444691907944,0.0868596881959911,,34452,3016000000.0,5921928326,0.5093,ok
32355,20260413800486,137207,유니켐,011330,단일판매ㆍ공급계약체결,2026-04-13,KOSPI,670.0,715.0,697.0,695.0,0.0671641791044777,0.0402985074626864,0.0373134328358208,,32355,18760000000.0,106243075628,0.177,ok
34157,20260413900125,605328,씨앤지하이테크,264660,단일판매ㆍ공급계약체결,2026-04-13,KOSDAQ,18110.0,18740.0,19470.0,20300.0,0.0347874102705687,0.0750966316951959,0.1209276642738819,,34157,38149060000.0,196194330780,0.19440000000000002,ok
33753,20260413900172,298340,에스티아이,039440,단일판매ㆍ공급계약체결,2026-04-13,KOSDAQ,31750.0,31950.0,32350.0,33250.0,0.0062992125984251,0.0188976377952756,0.0472440944881888,,33753,39469680000.0,328058707879,0.12,ok
29345,20260414900549,535676,테크윙,089030,단일판매ㆍ공급계약체결,2026-04-14,KOSDAQ,54200.0,57600.0,57400.0,57100.0,0.0627306273062731,0.0590405904059041,0.0535055350553506,,29345,22863276800.0,159128398402,0.1437,ok
28488,20260415900007,657002,에이디테크놀로지,200710,단일판매ㆍ공급계약체결,2026-04-15,KOSDAQ,54500.0,52900.0,54500.0,56400.0,-0.0293577981651376,0.0,0.0348623853211009,,28488,39584650000.0,164511629858,0.24100000000000002,ok
27824,20260415900875,666204,제너셈,217190,단일판매ㆍ공급계약체결,2026-04-15,KOSDAQ,6100.0,6700.0,6810.0,7180.0,0.098360655737705,0.1163934426229509,0.1770491803278688,,27824,6001000000.0,56757244825,0.1057,ok
27547,20260416900081,1376715,디앤디파마텍,347850,단일판매ㆍ공급계약체결,2026-04-16,KOSDAQ,81600.0,78900.0,82000.0,79700.0,-0.0330882352941176,0.0049019607843137,-0.0232843137254902,,27547,1832669568.0,4297604947,0.4264,ok
27413,20260416900247,1150515,대명에너지,389260,단일판매ㆍ공급계약체결,2026-04-16,KOSDAQ,23100.0,22600.0,22300.0,22950.0,-0.0216450216450216,-0.0346320346320346,-0.0064935064935064,,27413,33700000000.0,130971472403,0.25730000000000003,ok
26775,20260417900244,1150515,대명에너지,389260,단일판매ㆍ공급계약체결,2026-04-17,KOSDAQ,22600.0,22300.0,21850.0,23100.0,-0.0132743362831858,-0.0331858407079646,0.0221238938053096,,26775,33300000000.0,130971472403,0.25429999999999997,ok
22944,20260424900124,1150515,대명에너지,389260,단일판매ㆍ공급계약체결,2026-04-24,KOSDAQ,23100.0,24750.0,24100.0,23900.0,0.0714285714285714,0.0432900432900433,0.0346320346320345,,22944,27358185561.0,130971472403,0.2089,ok
21917,20260427900260,1150515,대명에너지,389260,단일판매ㆍ공급계약체결,2026-04-27,KOSDAQ,24750.0,24100.0,25000.0,23500.0,-0.0262626262626262,0.0101010101010101,-0.0505050505050505,,21917,136000000000.0,130971472403,1.0384,ok
27272,20260416900393,1708163,엔알비,475230,단일판매ㆍ공급계약체결,2026-04-16,KOSDAQ,20750.0,21350.0,21150.0,19850.0,0.0289156626506024,0.0192771084337348,-0.0433734939759036,,27272,8063300000.0,59481544678,0.1356,ok
27245,20260416900444,1035678,링크드,193250,단일판매ㆍ공급계약체결,2026-04-16,KOSDAQ,1855.0,2410.0,2280.0,1995.0,0.2991913746630728,0.2291105121293801,0.0754716981132075,,27245,1097964000.0,10455279389,0.105,ok
27106,20260416900540,1513440,파이버프로,368770,단일판매ㆍ공급계약체결,2026-04-16,KOSDAQ,23900.0,26500.0,25700.0,24050.0,0.108786610878661,0.0753138075313808,0.0062761506276149,,27106,4626727211.0,43472321309,0.10640000000000001,ok
26790,20260417900222,377018,기가레인,049080,단일판매ㆍ공급계약체결(자율공시),2026-04-17,KOSDAQ,2600.0,2640.0,2435.0,2425.0,0.0153846153846153,-0.0634615384615384,-0.0673076923076922,,26790,3750196790.0,40331425989,0.09300000000000001,ok
26004,20260420900199,610083,비아트론,141000,단일판매ㆍ공급계약체결,2026-04-20,KOSDAQ,11570.0,11840.0,11990.0,11730.0,0.0233362143474502,0.0363007778738115,0.0138288677614519,,26004,11780800000.0,65118567077,0.1809,ok
5328,20260519900258,610083,비아트론,141000,단일판매ㆍ공급계약체결,2026-05-19,KOSDAQ,10290.0,9800.0,10450.0,9810.0,-0.0476190476190476,0.0155490767735666,-0.0466472303206997,,5328,8848820000.0,65118567077,0.1358,ok
25915,20260420900317,365934,코세스,089890,단일판매ㆍ공급계약체결,2026-04-20,KOSDAQ,34900.0,35050.0,37900.0,43200.0,0.004297994269341,0.0859598853868195,0.2378223495702005,,25915,50068399602.0,82379163292,0.6078,ok
25763,20260420900453,1402995,케이엔에스,432470,단일판매ㆍ공급계약체결,2026-04-20,KOSDAQ,14350.0,14970.0,14600.0,14360.0,0.0432055749128919,0.0174216027874565,0.0006968641114981,,25763,10781353227.0,41230345116,0.2615,ok
2475,20260526900418,875307,야스,255440,단일판매ㆍ공급계약체결,2026-05-26,KOSDAQ,10070.0,9780.0,9510.0,8480.0,-0.0287984111221449,-0.0556107249255213,-0.1578947368421053,,2475,6800000000.0,34763681766,0.1956,ok
25605,20260420900680,1544468,이엔셀,456070,단일판매ㆍ공급계약체결,2026-04-20,KOSDAQ,16050.0,15750.0,15930.0,16510.0,-0.0186915887850467,-0.0074766355140186,0.0286604361370717,,25605,600000000.0,5258687306,0.11410000000000001,ok
25400,20260421800146,156354,지엠비코리아,013870,단일판매ㆍ공급계약체결,2026-04-21,KOSPI,5120.0,5050.0,5010.0,5010.0,-0.013671875,-0.021484375,-0.021484375,,25400,128883024696.0,787271627828,0.16399999999999998,ok
24938,20260421800678,458234,아시아나IDT,267850,단일판매ㆍ공급계약체결,2026-04-21,KOSPI,10820.0,10830.0,10760.0,10860.0,0.0009242144177448,-0.0055452865064694,0.0036968576709797,,24938,67107000000.0,194059284908,0.34600000000000003,ok
24689,20260422900148,298377,아이씨디,040910,단일판매ㆍ공급계약체결,2026-04-22,KOSDAQ,6030.0,5890.0,5900.0,5990.0,-0.0232172470978441,-0.0215588723051409,-0.0066334991708125,,24689,41308719614.0,197041477697,0.2096,ok
24540,20260422900308,1563922,엠오티,413390,단일판매ㆍ공급계약체결,2026-04-22,KOSDAQ,10370.0,9790.0,9710.0,9500.0,-0.055930568948891,-0.0636451301832208,-0.0838958534233365,,24540,7990000000.0,75453871276,0.1059,ok
5854,20260518900351,1563922,엠오티,413390,단일판매ㆍ공급계약체결,2026-05-18,KOSDAQ,8020.0,7760.0,7420.0,7710.0,-0.0324189526184538,-0.0748129675810473,-0.0386533665835411,,5854,39950000000.0,75453871276,0.5295000000000001,ok
24462,20260422900377,1700587,이노스페이스,462350,단일판매ㆍ공급계약체결,2026-04-22,KOSDAQ,13295.0,12493.0,13951.0,13535.0,-0.0603234298608499,0.0493418578412936,0.0180518992102294,,24462,485364000.0,2746488690,0.17670000000000002,ok
23867,20260423800175,132211,SUN&L,002820,단일판매ㆍ공급계약체결,2026-04-23,KOSPI,2515.0,2435.0,2415.0,2370.0,-0.0318091451292246,-0.0397614314115307,-0.0576540755467196,,23867,27424256000.0,272403719123,0.1007,ok
23592,20260423900507,1136001,나노실리칸첨단소재,286750,단일판매ㆍ공급계약체결,2026-04-23,KOSDAQ,1401.0,1527.0,1572.0,1589.0,0.0899357601713062,0.1220556745182013,0.1341898643825838,,23592,1544340000.0,5976639350,0.2584,ok
23362,20260423900794,627029,DGI,099520,단일판매ㆍ공급계약체결,2026-04-23,KOSDAQ,1284.0,1284.0,1284.0,1284.0,0.0,0.0,0.0,,23362,13200000000.0,25172528475,0.5244,ok
23358,20260423900799,627029,DGI,099520,단일판매ㆍ공급계약체결,2026-04-23,KOSDAQ,1284.0,1284.0,1284.0,1284.0,0.0,0.0,0.0,,23358,36100000000.0,25172528475,1.4341,ok
23360,20260423900802,627029,DGI,099520,단일판매ㆍ공급계약체결,2026-04-23,KOSDAQ,1284.0,1284.0,1284.0,1284.0,0.0,0.0,0.0,,23360,11100000000.0,25172528475,0.441,ok
21421,20260427800848,153621,참엔지니어링,009310,단일판매ㆍ공급계약체결,2026-04-27,KOSPI,1065.0,1065.0,1065.0,1065.0,0.0,0.0,0.0,,21421,5175900000.0,59844031140,0.08650000000000001,ok
21520,20260427900678,1429220,피아이이,452450,단일판매ㆍ공급계약체결,2026-04-27,KOSDAQ,7730.0,7150.0,7130.0,7690.0,-0.07503234152652,-0.0776196636481242,-0.0051746442432082,,21520,9319860000.0,65088392269,0.1432,ok
3270,20260522800384,152880,코오롱글로벌,003070,단일판매ㆍ공급계약체결,2026-05-22,KOSPI,10170.0,10000.0,9600.0,8990.0,-0.0167158308751229,-0.056047197640118,-0.1160275319567355,,3270,425836000000.0,2684430963154,0.1586,ok
3252,20260522800397,152862,코오롱,002020,단일판매ㆍ공급계약체결(자회사의 주요경영사항),2026-05-22,KOSPI,66300.0,67000.0,64300.0,54900.0,0.0105580693815987,-0.0301659125188537,-0.1719457013574661,,3252,425836000000.0,2684430963154,0.1586,ok
20498,20260428800799,150828,진흥기업,002780,단일판매ㆍ공급계약체결,2026-04-28,KOSPI,1355.0,1458.0,1387.0,1449.0,0.0760147601476015,0.0236162361623615,0.0693726937269372,,20498,67545056000.0,576381970077,0.11720000000000001,ok
5928,20260518800213,150828,진흥기업,002780,단일판매ㆍ공급계약체결,2026-05-18,KOSPI,1117.0,1114.0,1078.0,1068.0,-0.0026857654431512,-0.0349149507609668,-0.0438675022381378,,5928,62580828000.0,576381970077,0.10859999999999999,ok
18351,20260430800407,366438,산일전기,062040,단일판매ㆍ공급계약체결,2026-04-30,KOSPI,266000.0,333500.0,319500.0,324000.0,0.2537593984962405,0.2011278195488721,0.2180451127819549,,18351,50277275000.0,501946220880,0.1002,ok
17801,20260430800860,160232,KSS해운,044450,단일판매ㆍ공급계약체결,2026-04-30,KOSPI,12820.0,12760.0,12270.0,11870.0,-0.0046801872074883,-0.0429017160686427,-0.0741029641185647,,17801,257144936347.0,561395196426,0.45799999999999996,ok
17773,20260430800873,160232,KSS해운,044450,단일판매ㆍ공급계약체결,2026-04-30,KOSPI,12820.0,12760.0,12270.0,11870.0,-0.0046801872074883,-0.0429017160686427,-0.0741029641185647,,17773,257144936347.0,561395196426,0.45799999999999996,ok
17758,20260430800893,160232,KSS해운,044450,단일판매ㆍ공급계약체결,2026-04-30,KOSPI,12820.0,12760.0,12270.0,11870.0,-0.0046801872074883,-0.0429017160686427,-0.0741029641185647,,17758,185168872959.0,561395196426,0.3298,ok
18597,20260430900228,1293485,제닉스로보틱스,381620,단일판매ㆍ공급계약체결,2026-04-30,KOSDAQ,10180.0,10070.0,9600.0,12490.0,-0.0108055009823182,-0.0569744597249508,0.2269155206286837,,18597,3010000000.0,22665261675,0.1328,ok
16885,20260430901787,1015160,PS일렉트로닉스,332570,단일판매ㆍ공급계약체결,2026-04-30,KOSDAQ,8060.0,10470.0,9910.0,11470.0,0.2990074441687345,0.2295285359801488,0.4230769230769231,,16885,102878642006.0,125476577087,0.8199,ok
16284,20260504800400,414601,유니퀘스트,077500,단일판매ㆍ공급계약체결,2026-05-04,KOSPI,8500.0,8350.0,7810.0,7300.0,-0.0176470588235294,-0.0811764705882353,-0.1411764705882353,,16284,128768100000.0,730042828552,0.1764,ok
16425,20260504900202,874803,AP위성,211270,단일판매ㆍ공급계약체결,2026-05-04,KOSDAQ,17490.0,17550.0,16840.0,16300.0,0.0034305317324185,-0.0371640937678673,-0.068038879359634,,16425,6273425000.0,47812373057,0.13,ok
15959,20260506800218,1210677,씨케이솔루션,480370,단일판매ㆍ공급계약체결,2026-05-06,KOSPI,2695.0,2610.0,2610.0,2500.0,-0.0315398886827458,-0.0315398886827458,-0.0723562152133581,,15959,29265096000.0,291009514864,0.10060000000000001,ok
4971,20260520800079,145109,유한양행,000100,단일판매ㆍ공급계약체결,2026-05-20,KOSPI,81500.0,84100.0,88300.0,83600.0,0.0319018404907975,0.0834355828220858,0.0257668711656442,,4971,210191637904.0,2186637586358,0.09609999999999999,ok
15800,20260506900437,1218299,에코아이,448280,단일판매ㆍ공급계약체결,2026-05-06,KOSDAQ,12720.0,12320.0,11720.0,11100.0,-0.0314465408805031,-0.0786163522012578,-0.1273584905660377,,15800,3837369744.0,30916305223,0.124,ok
600,20260527900179,1218299,에코아이,448280,단일판매ㆍ공급계약체결,2026-05-27,KOSDAQ,11180.0,10960.0,10960.0,10010.0,-0.0196779964221824,-0.0196779964221824,-0.1046511627906976,,600,8378442199.0,30916305223,0.271,ok
15643,20260506900589,1169434,오가닉티코스메틱,900300,단일판매ㆍ공급계약체결(자회사의 주요경영사항),2026-05-06,KOSDAQ,8450.0,7600.0,6650.0,6350.0,-0.1005917159763313,-0.2130177514792899,-0.2485207100591716,,15643,32591842560.0,147939679116,0.22030000000000002,ok
15205,20260507800124,121969,에쓰씨엔지니어링,023960,단일판매ㆍ공급계약체결,2026-05-07,KOSPI,1380.0,1335.0,1280.0,1210.0,-0.0326086956521739,-0.072463768115942,-0.1231884057971014,,15205,27937000000.0,172318415172,0.16210000000000002,ok
15184,20260507900146,1588189,씨메스로보틱스,475400,단일판매ㆍ공급계약체결,2026-05-07,KOSDAQ,33600.0,37550.0,34650.0,31850.0,0.1175595238095237,0.03125,-0.0520833333333333,,15184,5291282504.0,13056154094,0.4053,ok
13080,20260511900360,1588189,씨메스로보틱스,475400,단일판매ㆍ공급계약체결,2026-05-11,KOSDAQ,34650.0,31850.0,32600.0,30750.0,-0.0808080808080807,-0.0591630591630591,-0.1125541125541125,,13080,6910000000.0,13056154094,0.5293,ok
15061,20260507900342,872656,금양그린파워,282720,단일판매ㆍ공급계약체결,2026-05-07,KOSDAQ,15470.0,14420.0,13400.0,12980.0,-0.0678733031674208,-0.1338073691014867,-0.160956690368455,,15061,34500000000.0,264778674601,0.1303,ok
14036,20260508900537,374020,이엘피,063760,단일판매ㆍ공급계약체결,2026-05-08,KOSDAQ,4115.0,4010.0,3670.0,3700.0,-0.025516403402187,-0.1081409477521263,-0.1008505467800728,,14036,4900000000.0,27313414664,0.1793,ok
12675,20260511900955,825959,하이비젼시스템,126700,단일판매ㆍ공급계약체결,2026-05-11,KOSDAQ,18170.0,17070.0,16890.0,15920.0,-0.0605393505778756,-0.0704457897633461,-0.1238304898183819,,12675,19160949179.0,171096948608,0.11199999999999999,ok
12514,20260512900186,540447,유니테스트,086390,단일판매ㆍ공급계약체결,2026-05-12,KOSDAQ,18660.0,18220.0,21050.0,16030.0,-0.0235798499464093,0.1280814576634512,-0.1409431939978563,,12514,29160000000.0,110195025305,0.2646,ok
12322,20260512900448,257732,한국정밀기계,101680,단일판매ㆍ공급계약체결,2026-05-12,KOSDAQ,2680.0,2700.0,2615.0,2900.0,0.007462686567164,-0.0242537313432835,0.0820895522388058,,12322,3326034000.0,30571562943,0.10869999999999999,ok
11724,20260513900169,406222,쎄크,081180,단일판매ㆍ공급계약체결,2026-05-13,KOSDAQ,11350.0,11240.0,9930.0,10860.0,-0.0096916299559471,-0.1251101321585903,-0.0431718061674009,,11724,9300000000.0,59205964528,0.15710000000000002,ok
11390,20260513900607,1091054,쎄노텍,222420,단일판매ㆍ공급계약체결,2026-05-13,KOSDAQ,1481.0,1560.0,1397.0,1291.0,0.0533423362592841,-0.0567184334908845,-0.1282916948008102,,11390,4663967460.0,35638307740,0.1308,ok
2583,20260526900290,1091054,쎄노텍,222420,단일판매ㆍ공급계약체결,2026-05-26,KOSDAQ,1448.0,1379.0,1338.0,1325.0,-0.0476519337016574,-0.0759668508287292,-0.0849447513812154,,2583,4118597280.0,35638307740,0.1155,ok
11298,20260513900735,642541,제이에스링크,127120,단일판매ㆍ공급계약체결,2026-05-13,KOSDAQ,40400.0,40500.0,35600.0,36550.0,0.0024752475247524,-0.1188118811881188,-0.0952970297029702,,11298,2488636364.0,19316467820,0.1288,ok
11175,20260513900851,925374,윤성에프앤씨,372170,단일판매ㆍ공급계약체결,2026-05-13,KOSDAQ,30300.0,32450.0,30300.0,27750.0,0.0709570957095708,0.0,-0.0841584158415841,,11175,49672478000.0,100175134197,0.4959,ok
11128,20260513900876,1488320,필에너지,378340,단일판매ㆍ공급계약체결,2026-05-13,KOSDAQ,17710.0,18860.0,17200.0,15000.0,0.0649350649350648,-0.0287972896668549,-0.1530208921513269,,11128,14768785000.0,33194030028,0.4449,ok
10483,20260514900422,1480708,HEM파마,376270,단일판매ㆍ공급계약체결,2026-05-14,KOSDAQ,64800.0,59700.0,60300.0,55800.0,-0.0787037037037037,-0.0694444444444444,-0.1388888888888888,,10483,2084434000.0,12979352490,0.1606,ok
9766,20260514901194,1257872,에스프리즘,288620,단일판매ㆍ공급계약체결,2026-05-14,KOSDAQ,10410.0,9750.0,9540.0,9010.0,-0.063400576368876,-0.0835734870317003,-0.1344860710854947,,9766,3933364800.0,15786204867,0.249,ok
9449,20260514901528,1747977,엘케이켐,489500,단일판매ㆍ공급계약체결,2026-05-14,KOSDAQ,33100.0,32250.0,31200.0,35500.0,-0.025679758308157,-0.0574018126888217,0.0725075528700907,,9449,21215469000.0,20179862262,1.0513,ok
9004,20260515800319,117629,KBI동양철관,008970,단일판매ㆍ공급계약체결,2026-05-15,KOSPI,1583.0,1577.0,1534.0,1577.0,-0.0037902716361338,-0.0309538850284269,-0.0037902716361338,,9004,21164000000.0,234784294346,0.0901,ok
7636,20260515801519,583442,노루페인트,090350,단일판매ㆍ공급계약체결,2026-05-15,KOSPI,8070.0,8310.0,8350.0,8210.0,0.0297397769516729,0.0346964064436183,0.017348203221809,,7636,81619751293.0,771052153523,0.106,ok
9024,20260515900280,1258428,프레스티지바이오로직스,334970,단일판매ㆍ공급계약체결,2026-05-15,KOSDAQ,2110.0,2020.0,2020.0,2040.0,-0.0426540284360189,-0.0426540284360189,-0.0331753554502369,,9024,2400544888.0,12533271503,0.19149999999999998,ok
8243,20260515901130,1671285,쿼드메디슨,464490,단일판매ㆍ공급계약체결,2026-05-15,KOSDAQ,10890.0,10520.0,10310.0,10460.0,-0.0339761248852158,-0.0532598714416896,-0.039485766758494,,8243,6000000000.0,10698152626,0.561,ok
5906,20260518900299,231044,우리기술,032820,단일판매ㆍ공급계약체결,2026-05-18,KOSDAQ,17290.0,16570.0,16080.0,16910.0,-0.0416425679583574,-0.0699826489300173,-0.021978021978022,,5906,9240680000.0,87135395389,0.106,ok
5622,20260518900663,1440153,넥사다이내믹스,351320,단일판매ㆍ공급계약체결,2026-05-18,KOSDAQ,1524.0,1521.0,1416.0,1444.0,-0.0019685039370078,-0.0708661417322834,-0.05249343832021,,5622,5400000000.0,13012868322,0.415,ok
5550,20260518900783,1649620,아우토크립트,331740,단일판매ㆍ공급계약체결,2026-05-18,KOSDAQ,11790.0,11820.0,10940.0,12820.0,0.0025445292620864,-0.0720949957591179,0.087362171331637,,5550,2900000000.0,25479479430,0.11380000000000001,ok
5364,20260519900209,1506990,옵티코어,380540,단일판매ㆍ공급계약체결,2026-05-19,KOSDAQ,8450.0,8450.0,8450.0,8450.0,0.0,0.0,0.0,,5364,2418708600.0,23301941369,0.1038,ok
5318,20260519900252,1366000,태성,323280,단일판매ㆍ공급계약체결,2026-05-19,KOSDAQ,68900.0,62100.0,66300.0,65500.0,-0.0986937590711175,-0.0377358490566037,-0.0493468795355588,,5318,7141150000.0,37859245040,0.1886,ok
5205,20260519900397,567897,에스비비테크,389500,단일판매ㆍ공급계약체결,2026-05-19,KOSDAQ,76200.0,74700.0,85100.0,83000.0,-0.0196850393700787,0.1167979002624672,0.0892388451443568,,5205,1206518000.0,7197979874,0.16699999999999998,ok
5127,20260519900588,365457,제이티,089790,단일판매ㆍ공급계약체결,2026-05-19,KOSDAQ,5730.0,5830.0,6450.0,6210.0,0.0174520069808028,0.12565445026178,0.0837696335078534,,5127,7837602000.0,38378522208,0.20420000000000002,ok
5044,20260519900720,537832,푸른로보틱스,094940,단일판매ㆍ공급계약체결,2026-05-19,KOSDAQ,11230.0,10760.0,11750.0,13000.0,-0.0418521816562778,0.0463045414069456,0.157613535173642,,5044,3400000000.0,23475613984,0.1448,ok
4859,20260520800239,126371,삼성전기,009150,단일판매ㆍ공급계약체결,2026-05-20,KOSPI,1061000.0,1204000.0,1340000.0,1849000.0,0.1347785108388313,0.2629594721960415,0.7426955702167766,,4859,1557034520000.0,11314459238100,0.138,ok
4711,20260520800511,435312,하이스틸,071090,단일판매ㆍ공급계약체결,2026-05-20,KOSPI,3710.0,3840.0,3875.0,3600.0,0.0350404312668464,0.0444743935309972,-0.0296495956873314,,4711,37591651278.0,256623288696,0.1465,ok
4906,20260520900186,1043853,베노티앤알,206400,단일판매ㆍ공급계약체결,2026-05-20,KOSDAQ,1020.0,1012.0,1151.0,1244.0,-0.0078431372549019,0.1284313725490196,0.219607843137255,,4906,1094000000.0,4774718589,0.2291,ok
4851,20260520900257,356802,큐렉소,060280,단일판매ㆍ공급계약체결,2026-05-20,KOSDAQ,12400.0,13020.0,13090.0,12220.0,0.05,0.0556451612903226,-0.014516129032258,,4851,8456625000.0,74531816400,0.114,ok
4811,20260520900338,654175,피엠티,147760,단일판매ㆍ공급계약체결,2026-05-20,KOSDAQ,6850.0,8060.0,9470.0,7830.0,0.1766423357664233,0.3824817518248176,0.1430656934306569,,4811,6552000000.0,25287736817,0.2591,ok
4553,20260520900760,1554508,액스비스,0011A0,단일판매ㆍ공급계약체결,2026-05-20,KOSDAQ,18350.0,20850.0,21350.0,20350.0,0.1362397820163488,0.1634877384196185,0.108991825613079,,4553,8000000000.0,56573055392,0.1414,ok
3736,20260521900962,442154,제이엔케이글로벌,126880,단일판매ㆍ공급계약체결,2026-05-21,KOSDAQ,3150.0,3320.0,3385.0,3135.0,0.053968253968254,0.0746031746031745,-0.0047619047619047,,3736,17868151600.0,147293291891,0.1213,ok
657,20260527900104,1408999,웨이버스,336060,단일판매ㆍ공급계약체결,2026-05-27,KOSDAQ,799.0,781.0,793.0,720.0,-0.0225281602002502,-0.0075093867334167,-0.0988735919899874,,657,7191882618.0,70202813590,0.1024,ok
2633,20260526900237,261957,한국정보공학,039740,단일판매ㆍ공급계약체결,2026-05-26,KOSDAQ,5050.0,4740.0,4725.0,3865.0,-0.0613861386138614,-0.0643564356435643,-0.2346534653465346,,2633,34823250000.0,146286069658,0.23800000000000002,ok
2631,20260526900238,261957,한국정보공학,039740,단일판매ㆍ공급계약체결,2026-05-26,KOSDAQ,5050.0,4740.0,4725.0,3865.0,-0.0613861386138614,-0.0643564356435643,-0.2346534653465346,,2631,16190227240.0,146286069658,0.1107,ok
2625,20260526900248,131504,서한,011370,단일판매ㆍ공급계약체결,2026-05-26,KOSDAQ,952.0,917.0,921.0,867.0,-0.0367647058823529,-0.032563025210084,-0.0892857142857143,,2625,155433439950.0,645114000000,0.2409,ok
2537,20260526900336,159731,글로본,019660,단일판매ㆍ공급계약체결,2026-05-26,KOSDAQ,1928.0,1870.0,1872.0,1849.0,-0.0300829875518672,-0.0290456431535269,-0.0409751037344398,,2537,2723533117.0,12948120906,0.21030000000000001,ok
2338,20260526900576,154718,비츠로셀,082920,단일판매ㆍ공급계약체결(자율공시),2026-05-26,KOSDAQ,58000.0,55300.0,52800.0,52500.0,-0.046551724137931,-0.089655172413793,-0.0948275862068965,,2338,20471686070.0,243082541135,0.084,ok
2232,20260526900736,216762,한양이엔지,045100,단일판매ㆍ공급계약체결,2026-05-26,KOSDAQ,33350.0,34050.0,31650.0,30000.0,0.0209895052473763,-0.0509745127436281,-0.1004497751124438,,2232,121380562000.0,1118180793899,0.10859999999999999,ok
146,20260527900774,138303,아이티센엔텍,010280,단일판매ㆍ공급계약체결(자율공시),2026-05-27,KOSDAQ,6810.0,6820.0,6560.0,6790.0,0.0014684287812041,-0.0367107195301027,-0.0029368575624082,,146,47945884091.0,572026600945,0.08380000000000001,ok
